0001.jpg,1.000000,0.000000,0.000000
0002.jpg,0.939693,0.000000,0.342020
0003.jpg,0.707107,0.000000,0.707107
0004.jpg,0.000000,0.000000,1.000000
0005.jpg,0.939693,0.000000,-0.342020
0006.jpg,0.819152,0.000000,-0.573576
0007.jpg,0.981060,0.085832,0.173648
0008.jpg,0.981060,0.085832,-0.173648
0009.jpg,0.984808,0.173648,0.000000
0010.jpg,0.925417,0.163176,-0.342020
0011.jpg,0.907673,0.243210,0.342020
0012.jpg,0.925417,0.336824,0.173648
0013.jpg,0.925417,0.336824,-0.173648
0014.jpg,0.719846,0.262003,-0.642788
0015.jpg,0.906308,0.422618,0.000000
0016.jpg,0.791240,0.554032,0.258819
0017.jpg,0.627507,0.439385,0.642788
0018.jpg,0.346189,0.242404,0.906308
0019.jpg,0.769751,0.538986,-0.342020
0020.jpg,0.642788,0.766044,0.000000
0021.jpg,0.492404,0.586824,-0.642788
0022.jpg,0.469846,0.813798,0.342020
0023.jpg,0.469846,0.813798,-0.342020
0024.jpg,0.342020,0.939693,0.000000
0025.jpg,0.241845,0.664463,0.707107
0026.jpg,0.280166,0.769751,-0.573576
0027.jpg,0.081900,0.936117,0.342020
0028.jpg,0.081900,0.936117,-0.342020
0029.jpg,-0.087156,0.996195,0.000000
0030.jpg,-0.330366,0.907673,0.258819
0031.jpg,-0.262003,0.719846,0.642788
0032.jpg,-0.144544,0.397131,0.906308
0033.jpg,-0.321394,0.883022,-0.342020
0034.jpg,-0.500000,0.866025,0.000000
0035.jpg,-0.604023,0.719846,0.342020
0036.jpg,0.981060,-0.085832,0.173648
0037.jpg,0.981060,-0.085832,-0.173648
0038.jpg,0.984808,-0.173648,0.000000
0039.jpg,0.925417,-0.163176,-0.342020
0040.jpg,0.907673,-0.243210,0.342020
0041.jpg,0.925417,-0.336824,0.173648
0042.jpg,0.925417,-0.336824,-0.173648
0043.jpg,0.719846,-0.262003,-0.642788
0044.jpg,0.906308,-0.422618,0.000000
0045.jpg,0.791240,-0.554032,0.258819
0046.jpg,0.627507,-0.439385,0.642788
0047.jpg,0.346189,-0.242404,0.906308
0048.jpg,0.769751,-0.538986,-0.342020
0049.jpg,0.642788,-0.766044,0.000000
0050.jpg,0.492404,-0.586824,-0.642788
0051.jpg,0.469846,-0.813798,0.342020
0052.jpg,0.469846,-0.813798,-0.342020
0053.jpg,0.342020,-0.939693,0.000000
0054.jpg,0.241845,-0.664463,0.707107
0055.jpg,0.280166,-0.769751,-0.573576
0056.jpg,0.081900,-0.936117,0.342020
0057.jpg,0.081900,-0.936117,-0.342020
0058.jpg,-0.087156,-0.996195,0.000000
0059.jpg,-0.330366,-0.907673,0.258819
0060.jpg,-0.262003,-0.719846,0.642788
0061.jpg,-0.144544,-0.397131,0.906308
0062.jpg,-0.321394,-0.883022,-0.342020
0063.jpg,-0.500000,-0.866025,0.000000
0064.jpg,-0.604023,-0.719846,0.342020
0065.jpg,1.000000,0.000000,0.000000
0066.jpg,0.939693,0.000000,0.342020
0067.jpg,0.707107,0.000000,0.707107
0068.jpg,0.000000,0.000000,1.000000
0069.jpg,0.939693,0.000000,-0.342020
0070.jpg,0.819152,0.000000,-0.573576
0071.jpg,0.981060,0.085832,0.173648
0072.jpg,0.981060,0.085832,-0.173648
0073.jpg,0.984808,0.173648,0.000000
0074.jpg,0.925417,0.163176,-0.342020
0075.jpg,0.907673,0.243210,0.342020
0076.jpg,0.925417,0.336824,0.173648
0077.jpg,0.925417,0.336824,-0.173648
0078.jpg,0.719846,0.262003,-0.642788
0079.jpg,0.906308,0.422618,0.000000
0080.jpg,0.791240,0.554032,0.258819
0081.jpg,0.627507,0.439385,0.642788
0082.jpg,0.346189,0.242404,0.906308
0083.jpg,0.769751,0.538986,-0.342020
0084.jpg,0.642788,0.766044,0.000000
0085.jpg,0.492404,0.586824,-0.642788
0086.jpg,0.469846,0.813798,0.342020
0087.jpg,0.469846,0.813798,-0.342020
0088.jpg,0.342020,0.939693,0.000000
0089.jpg,0.241845,0.664463,0.707107
0090.jpg,0.280166,0.769751,-0.573576
0091.jpg,0.081900,0.936117,0.342020
0092.jpg,0.081900,0.936117,-0.342020
0093.jpg,-0.087156,0.996195,0.000000
0094.jpg,-0.330366,0.907673,0.258819
0095.jpg,-0.262003,0.719846,0.642788
0096.jpg,-0.144544,0.397131,0.906308
0097.jpg,-0.321394,0.883022,-0.342020
0098.jpg,-0.500000,0.866025,0.000000
0099.jpg,-0.604023,0.719846,0.342020
0100.jpg,0.981060,-0.085832,0.173648
0101.jpg,0.981060,-0.085832,-0.173648
0102.jpg,0.984808,-0.173648,0.000000
0103.jpg,0.925417,-0.163176,-0.342020
0104.jpg,0.907673,-0.243210,0.342020
0105.jpg,0.925417,-0.336824,0.173648
0106.jpg,0.925417,-0.336824,-0.173648
0107.jpg,0.719846,-0.262003,-0.642788
0108.jpg,0.906308,-0.422618,0.000000
0109.jpg,0.791240,-0.554032,0.258819
0110.jpg,0.627507,-0.439385,0.642788
0111.jpg,0.346189,-0.242404,0.906308
0112.jpg,0.769751,-0.538986,-0.342020
0113.jpg,0.642788,-0.766044,0.000000
0114.jpg,0.492404,-0.586824,-0.642788
0115.jpg,0.469846,-0.813798,0.342020
0116.jpg,0.469846,-0.813798,-0.342020
0117.jpg,0.342020,-0.939693,0.000000
0118.jpg,0.241845,-0.664463,0.707107
0119.jpg,0.280166,-0.769751,-0.573576
0120.jpg,0.081900,-0.936117,0.342020
0121.jpg,0.081900,-0.936117,-0.342020
0122.jpg,-0.087156,-0.996195,0.000000
0123.jpg,-0.330366,-0.907673,0.258819
0124.jpg,-0.262003,-0.719846,0.642788
0125.jpg,-0.144544,-0.397131,0.906308
0126.jpg,-0.321394,-0.883022,-0.342020
0127.jpg,-0.500000,-0.866025,0.000000
0128.jpg,-0.604023,-0.719846,0.342020
0129.jpg,1.000000,0.000000,0.000000
0130.jpg,0.939693,0.000000,0.342020
0131.jpg,0.707107,0.000000,0.707107
0132.jpg,0.000000,0.000000,1.000000
0133.jpg,0.939693,0.000000,-0.342020
0134.jpg,0.819152,0.000000,-0.573576
0135.jpg,0.981060,0.085832,0.173648
0136.jpg,0.981060,0.085832,-0.173648
0137.jpg,0.984808,0.173648,0.000000
0138.jpg,0.925417,0.163176,-0.342020
0139.jpg,0.907673,0.243210,0.342020
0140.jpg,0.925417,0.336824,0.173648
0141.jpg,0.925417,0.336824,-0.173648
0142.jpg,0.719846,0.262003,-0.642788
0143.jpg,0.906308,0.422618,0.000000
0144.jpg,0.791240,0.554032,0.258819
0145.jpg,0.627507,0.439385,0.642788
0146.jpg,0.346189,0.242404,0.906308
0147.jpg,0.769751,0.538986,-0.342020
0148.jpg,0.642788,0.766044,0.000000
0149.jpg,0.492404,0.586824,-0.642788
0150.jpg,0.469846,0.813798,0.342020
0151.jpg,0.469846,0.813798,-0.342020
0152.jpg,0.342020,0.939693,0.000000
0153.jpg,0.241845,0.664463,0.707107
0154.jpg,0.280166,0.769751,-0.573576
0155.jpg,0.081900,0.936117,0.342020
0156.jpg,0.081900,0.936117,-0.342020
0157.jpg,-0.087156,0.996195,0.000000
0158.jpg,-0.330366,0.907673,0.258819
0159.jpg,-0.262003,0.719846,0.642788
0160.jpg,-0.144544,0.397131,0.906308
0161.jpg,-0.321394,0.883022,-0.342020
0162.jpg,-0.500000,0.866025,0.000000
0163.jpg,-0.604023,0.719846,0.342020
0164.jpg,0.981060,-0.085832,0.173648
0165.jpg,0.981060,-0.085832,-0.173648
0166.jpg,0.984808,-0.173648,0.000000
0167.jpg,0.925417,-0.163176,-0.342020
0168.jpg,0.907673,-0.243210,0.342020
0169.jpg,0.925417,-0.336824,0.173648
0170.jpg,0.925417,-0.336824,-0.173648
0171.jpg,0.719846,-0.262003,-0.642788
0172.jpg,0.906308,-0.422618,0.000000
0173.jpg,0.791240,-0.554032,0.258819
0174.jpg,0.627507,-0.439385,0.642788
0175.jpg,0.346189,-0.242404,0.906308
0176.jpg,0.769751,-0.538986,-0.342020
0177.jpg,0.642788,-0.766044,0.000000
0178.jpg,0.492404,-0.586824,-0.642788
0179.jpg,0.469846,-0.813798,0.342020
0180.jpg,0.469846,-0.813798,-0.342020
0181.jpg,0.342020,-0.939693,0.000000
0182.jpg,0.241845,-0.664463,0.707107
0183.jpg,0.280166,-0.769751,-0.573576
0184.jpg,0.081900,-0.936117,0.342020
0185.jpg,0.081900,-0.936117,-0.342020
0186.jpg,-0.087156,-0.996195,0.000000
0187.jpg,-0.330366,-0.907673,0.258819
0188.jpg,-0.262003,-0.719846,0.642788
0189.jpg,-0.144544,-0.397131,0.906308
0190.jpg,-0.321394,-0.883022,-0.342020
0191.jpg,-0.500000,-0.866025,0.000000
0192.jpg,-0.604023,-0.719846,0.342020
0193.jpg,1.000000,0.000000,0.000000
0194.jpg,0.939693,0.000000,0.342020
0195.jpg,0.707107,0.000000,0.707107
0196.jpg,0.000000,0.000000,1.000000
0197.jpg,0.939693,0.000000,-0.342020
0198.jpg,0.819152,0.000000,-0.573576
0199.jpg,0.981060,0.085832,0.173648
0200.jpg,0.981060,0.085832,-0.173648
0201.jpg,0.984808,0.173648,0.000000
0202.jpg,0.925417,0.163176,-0.342020
0203.jpg,0.907673,0.243210,0.342020
0204.jpg,0.925417,0.336824,0.173648
0205.jpg,0.925417,0.336824,-0.173648
0206.jpg,0.719846,0.262003,-0.642788
0207.jpg,0.906308,0.422618,0.000000
0208.jpg,0.791240,0.554032,0.258819
0209.jpg,0.627507,0.439385,0.642788
0210.jpg,0.346189,0.242404,0.906308
0211.jpg,0.769751,0.538986,-0.342020
0212.jpg,0.642788,0.766044,0.000000
0213.jpg,0.492404,0.586824,-0.642788
0214.jpg,0.469846,0.813798,0.342020
0215.jpg,0.469846,0.813798,-0.342020
0216.jpg,0.342020,0.939693,0.000000
0217.jpg,0.241845,0.664463,0.707107
0218.jpg,0.280166,0.769751,-0.573576
0219.jpg,0.081900,0.936117,0.342020
0220.jpg,0.081900,0.936117,-0.342020
0221.jpg,-0.087156,0.996195,0.000000
0222.jpg,-0.330366,0.907673,0.258819
0223.jpg,-0.262003,0.719846,0.642788
0224.jpg,-0.144544,0.397131,0.906308
0225.jpg,-0.321394,0.883022,-0.342020
0226.jpg,-0.500000,0.866025,0.000000
0227.jpg,-0.604023,0.719846,0.342020
0228.jpg,0.981060,-0.085832,0.173648
0229.jpg,0.981060,-0.085832,-0.173648
0230.jpg,0.984808,-0.173648,0.000000
0231.jpg,0.925417,-0.163176,-0.342020
0232.jpg,0.907673,-0.243210,0.342020
0233.jpg,0.925417,-0.336824,0.173648
0234.jpg,0.925417,-0.336824,-0.173648
0235.jpg,0.719846,-0.262003,-0.642788
0236.jpg,0.906308,-0.422618,0.000000
0237.jpg,0.791240,-0.554032,0.258819
0238.jpg,0.627507,-0.439385,0.642788
0239.jpg,0.346189,-0.242404,0.906308
0240.jpg,0.769751,-0.538986,-0.342020
0241.jpg,0.642788,-0.766044,0.000000
0242.jpg,0.492404,-0.586824,-0.642788
0243.jpg,0.469846,-0.813798,0.342020
0244.jpg,0.469846,-0.813798,-0.342020
0245.jpg,0.342020,-0.939693,0.000000
0246.jpg,0.241845,-0.664463,0.707107
0247.jpg,0.280166,-0.769751,-0.573576
0248.jpg,0.081900,-0.936117,0.342020
0249.jpg,0.081900,-0.936117,-0.342020
0250.jpg,-0.087156,-0.996195,0.000000
0251.jpg,-0.330366,-0.907673,0.258819
0252.jpg,-0.262003,-0.719846,0.642788
0253.jpg,-0.144544,-0.397131,0.906308
0254.jpg,-0.321394,-0.883022,-0.342020
0255.jpg,-0.500000,-0.866025,0.000000
0256.jpg,-0.604023,-0.719846,0.342020
0257.jpg,1.000000,0.000000,0.000000
0258.jpg,0.939693,0.000000,0.342020
0259.jpg,0.707107,0.000000,0.707107
0260.jpg,0.000000,0.000000,1.000000
0261.jpg,0.939693,0.000000,-0.342020
0262.jpg,0.819152,0.000000,-0.573576
0263.jpg,0.981060,0.085832,0.173648
0264.jpg,0.981060,0.085832,-0.173648
0265.jpg,0.984808,0.173648,0.000000
0266.jpg,0.925417,0.163176,-0.342020
0267.jpg,0.907673,0.243210,0.342020
0268.jpg,0.925417,0.336824,0.173648
0269.jpg,0.925417,0.336824,-0.173648
0270.jpg,0.719846,0.262003,-0.642788
0271.jpg,0.906308,0.422618,0.000000
0272.jpg,0.791240,0.554032,0.258819
0273.jpg,0.627507,0.439385,0.642788
0274.jpg,0.346189,0.242404,0.906308
0275.jpg,0.769751,0.538986,-0.342020
0276.jpg,0.642788,0.766044,0.000000
0277.jpg,0.492404,0.586824,-0.642788
0278.jpg,0.469846,0.813798,0.342020
0279.jpg,0.469846,0.813798,-0.342020
0280.jpg,0.342020,0.939693,0.000000
0281.jpg,0.241845,0.664463,0.707107
0282.jpg,0.280166,0.769751,-0.573576
0283.jpg,0.081900,0.936117,0.342020
0284.jpg,0.081900,0.936117,-0.342020
0285.jpg,-0.087156,0.996195,0.000000
0286.jpg,-0.330366,0.907673,0.258819
0287.jpg,-0.262003,0.719846,0.642788
0288.jpg,-0.144544,0.397131,0.906308
0289.jpg,-0.321394,0.883022,-0.342020
0290.jpg,-0.500000,0.866025,0.000000
0291.jpg,-0.604023,0.719846,0.342020
0292.jpg,0.981060,-0.085832,0.173648
0293.jpg,0.981060,-0.085832,-0.173648
0294.jpg,0.984808,-0.173648,0.000000
0295.jpg,0.925417,-0.163176,-0.342020
0296.jpg,0.907673,-0.243210,0.342020
0297.jpg,0.925417,-0.336824,0.173648
0298.jpg,0.925417,-0.336824,-0.173648
0299.jpg,0.719846,-0.262003,-0.642788
0300.jpg,0.906308,-0.422618,0.000000
0301.jpg,0.791240,-0.554032,0.258819
0302.jpg,0.627507,-0.439385,0.642788
0303.jpg,0.346189,-0.242404,0.906308
0304.jpg,0.769751,-0.538986,-0.342020
0305.jpg,0.642788,-0.766044,0.000000
0306.jpg,0.492404,-0.586824,-0.642788
0307.jpg,0.469846,-0.813798,0.342020
0308.jpg,0.469846,-0.813798,-0.342020
0309.jpg,0.342020,-0.939693,0.000000
0310.jpg,0.241845,-0.664463,0.707107
0311.jpg,0.280166,-0.769751,-0.573576
0312.jpg,0.081900,-0.936117,0.342020
0313.jpg,0.081900,-0.936117,-0.342020
0314.jpg,-0.087156,-0.996195,0.000000
0315.jpg,-0.330366,-0.907673,0.258819
0316.jpg,-0.262003,-0.719846,0.642788
0317.jpg,-0.144544,-0.397131,0.906308
0318.jpg,-0.321394,-0.883022,-0.342020
0319.jpg,-0.500000,-0.866025,0.000000
0320.jpg,-0.604023,-0.719846,0.342020
0321.jpg,1.000000,0.000000,0.000000
0322.jpg,0.939693,0.000000,0.342020
0323.jpg,0.707107,0.000000,0.707107
0324.jpg,0.000000,0.000000,1.000000
0325.jpg,0.939693,0.000000,-0.342020
0326.jpg,0.819152,0.000000,-0.573576
0327.jpg,0.981060,0.085832,0.173648
0328.jpg,0.981060,0.085832,-0.173648
0329.jpg,0.984808,0.173648,0.000000
0330.jpg,0.925417,0.163176,-0.342020
0331.jpg,0.907673,0.243210,0.342020
0332.jpg,0.925417,0.336824,0.173648
0333.jpg,0.925417,0.336824,-0.173648
0334.jpg,0.719846,0.262003,-0.642788
0335.jpg,0.906308,0.422618,0.000000
0336.jpg,0.791240,0.554032,0.258819
0337.jpg,0.627507,0.439385,0.642788
0338.jpg,0.346189,0.242404,0.906308
0339.jpg,0.769751,0.538986,-0.342020
0340.jpg,0.642788,0.766044,0.000000
0341.jpg,0.492404,0.586824,-0.642788
0342.jpg,0.469846,0.813798,0.342020
0343.jpg,0.469846,0.813798,-0.342020
0344.jpg,0.342020,0.939693,0.000000
0345.jpg,0.241845,0.664463,0.707107
0346.jpg,0.280166,0.769751,-0.573576
0347.jpg,0.081900,0.936117,0.342020
0348.jpg,0.081900,0.936117,-0.342020
0349.jpg,-0.087156,0.996195,0.000000
0350.jpg,-0.330366,0.907673,0.258819
0351.jpg,-0.262003,0.719846,0.642788
0352.jpg,-0.144544,0.397131,0.906308
0353.jpg,-0.321394,0.883022,-0.342020
0354.jpg,-0.500000,0.866025,0.000000
0355.jpg,-0.604023,0.719846,0.342020
0356.jpg,0.981060,-0.085832,0.173648
0357.jpg,0.981060,-0.085832,-0.173648
0358.jpg,0.984808,-0.173648,0.000000
0359.jpg,0.925417,-0.163176,-0.342020
0360.jpg,0.907673,-0.243210,0.342020
0361.jpg,0.925417,-0.336824,0.173648
0362.jpg,0.925417,-0.336824,-0.173648
0363.jpg,0.719846,-0.262003,-0.642788
0364.jpg,0.906308,-0.422618,0.000000
0365.jpg,0.791240,-0.554032,0.258819
0366.jpg,0.627507,-0.439385,0.642788
0367.jpg,0.346189,-0.242404,0.906308
0368.jpg,0.769751,-0.538986,-0.342020
0369.jpg,0.642788,-0.766044,0.000000
0370.jpg,0.492404,-0.586824,-0.642788
0371.jpg,0.469846,-0.813798,0.342020
0372.jpg,0.469846,-0.813798,-0.342020
0373.jpg,0.342020,-0.939693,0.000000
0374.jpg,0.241845,-0.664463,0.707107
0375.jpg,0.280166,-0.769751,-0.573576
0376.jpg,0.081900,-0.936117,0.342020
0377.jpg,0.081900,-0.936117,-0.342020
0378.jpg,-0.087156,-0.996195,0.000000
0379.jpg,-0.330366,-0.907673,0.258819
0380.jpg,-0.262003,-0.719846,0.642788
0381.jpg,-0.144544,-0.397131,0.906308
0382.jpg,-0.321394,-0.883022,-0.342020
0383.jpg,-0.500000,-0.866025,0.000000
0384.jpg,-0.604023,-0.719846,0.342020
0385.jpg,1.000000,0.000000,0.000000
0386.jpg,0.939693,0.000000,0.342020
0387.jpg,0.707107,0.000000,0.707107
0388.jpg,0.000000,0.000000,1.000000
0389.jpg,0.939693,0.000000,-0.342020
0390.jpg,0.819152,0.000000,-0.573576
0391.jpg,0.981060,0.085832,0.173648
0392.jpg,0.981060,0.085832,-0.173648
0393.jpg,0.984808,0.173648,0.000000
0394.jpg,0.925417,0.163176,-0.342020
0395.jpg,0.907673,0.243210,0.342020
0396.jpg,0.925417,0.336824,0.173648
0397.jpg,0.925417,0.336824,-0.173648
0398.jpg,0.719846,0.262003,-0.642788
0399.jpg,0.906308,0.422618,0.000000
0400.jpg,0.791240,0.554032,0.258819
0401.jpg,0.627507,0.439385,0.642788
0402.jpg,0.346189,0.242404,0.906308
0403.jpg,0.769751,0.538986,-0.342020
0404.jpg,0.642788,0.766044,0.000000
0405.jpg,0.492404,0.586824,-0.642788
0406.jpg,0.469846,0.813798,0.342020
0407.jpg,0.469846,0.813798,-0.342020
0408.jpg,0.342020,0.939693,0.000000
0409.jpg,0.241845,0.664463,0.707107
0410.jpg,0.280166,0.769751,-0.573576
0411.jpg,0.081900,0.936117,0.342020
0412.jpg,0.081900,0.936117,-0.342020
0413.jpg,-0.087156,0.996195,0.000000
0414.jpg,-0.330366,0.907673,0.258819
0415.jpg,-0.262003,0.719846,0.642788
0416.jpg,-0.144544,0.397131,0.906308
0417.jpg,-0.321394,0.883022,-0.342020
0418.jpg,-0.500000,0.866025,0.000000
0419.jpg,-0.604023,0.719846,0.342020
0420.jpg,0.981060,-0.085832,0.173648
0421.jpg,0.981060,-0.085832,-0.173648
0422.jpg,0.984808,-0.173648,0.000000
0423.jpg,0.925417,-0.163176,-0.342020
0424.jpg,0.907673,-0.243210,0.342020
0425.jpg,0.925417,-0.336824,0.173648
0426.jpg,0.925417,-0.336824,-0.173648
0427.jpg,0.719846,-0.262003,-0.642788
0428.jpg,0.906308,-0.422618,0.000000
0429.jpg,0.791240,-0.554032,0.258819
0430.jpg,0.627507,-0.439385,0.642788
0431.jpg,0.346189,-0.242404,0.906308
0432.jpg,0.769751,-0.538986,-0.342020
0433.jpg,0.642788,-0.766044,0.000000
0434.jpg,0.492404,-0.586824,-0.642788
0435.jpg,0.469846,-0.813798,0.342020
0436.jpg,0.469846,-0.813798,-0.342020
0437.jpg,0.342020,-0.939693,0.000000
0438.jpg,0.241845,-0.664463,0.707107
0439.jpg,0.280166,-0.769751,-0.573576
0440.jpg,0.081900,-0.936117,0.342020
0441.jpg,0.081900,-0.936117,-0.342020
0442.jpg,-0.087156,-0.996195,0.000000
0443.jpg,-0.330366,-0.907673,0.258819
0444.jpg,-0.262003,-0.719846,0.642788
0445.jpg,-0.144544,-0.397131,0.906308
0446.jpg,-0.321394,-0.883022,-0.342020
0447.jpg,-0.500000,-0.866025,0.000000
0448.jpg,-0.604023,-0.719846,0.342020
0449.jpg,1.000000,0.000000,0.000000
0450.jpg,0.939693,0.000000,0.342020
0451.jpg,0.707107,0.000000,0.707107
0452.jpg,0.000000,0.000000,1.000000
0453.jpg,0.939693,0.000000,-0.342020
0454.jpg,0.819152,0.000000,-0.573576
0455.jpg,0.981060,0.085832,0.173648
0456.jpg,0.981060,0.085832,-0.173648
0457.jpg,0.984808,0.173648,0.000000
0458.jpg,0.925417,0.163176,-0.342020
0459.jpg,0.907673,0.243210,0.342020
0460.jpg,0.925417,0.336824,0.173648
0461.jpg,0.925417,0.336824,-0.173648
0462.jpg,0.719846,0.262003,-0.642788
0463.jpg,0.906308,0.422618,0.000000
0464.jpg,0.791240,0.554032,0.258819
0465.jpg,0.627507,0.439385,0.642788
0466.jpg,0.346189,0.242404,0.906308
0467.jpg,0.769751,0.538986,-0.342020
0468.jpg,0.642788,0.766044,0.000000
0469.jpg,0.492404,0.586824,-0.642788
0470.jpg,0.469846,0.813798,0.342020
0471.jpg,0.469846,0.813798,-0.342020
0472.jpg,0.342020,0.939693,0.000000
0473.jpg,0.241845,0.664463,0.707107
0474.jpg,0.280166,0.769751,-0.573576
0475.jpg,0.081900,0.936117,0.342020
0476.jpg,0.081900,0.936117,-0.342020
0477.jpg,-0.087156,0.996195,0.000000
0478.jpg,-0.330366,0.907673,0.258819
0479.jpg,-0.262003,0.719846,0.642788
0480.jpg,-0.144544,0.397131,0.906308
0481.jpg,-0.321394,0.883022,-0.342020
0482.jpg,-0.500000,0.866025,0.000000
0483.jpg,-0.604023,0.719846,0.342020
0484.jpg,0.981060,-0.085832,0.173648
0485.jpg,0.981060,-0.085832,-0.173648
0486.jpg,0.984808,-0.173648,0.000000
0487.jpg,0.925417,-0.163176,-0.342020
0488.jpg,0.907673,-0.243210,0.342020
0489.jpg,0.925417,-0.336824,0.173648
0490.jpg,0.925417,-0.336824,-0.173648
0491.jpg,0.719846,-0.262003,-0.642788
0492.jpg,0.906308,-0.422618,0.000000
0493.jpg,0.791240,-0.554032,0.258819
0494.jpg,0.627507,-0.439385,0.642788
0495.jpg,0.346189,-0.242404,0.906308
0496.jpg,0.769751,-0.538986,-0.342020
0497.jpg,0.642788,-0.766044,0.000000
0498.jpg,0.492404,-0.586824,-0.642788
0499.jpg,0.469846,-0.813798,0.342020
0500.jpg,0.469846,-0.813798,-0.342020
0501.jpg,0.342020,-0.939693,0.000000
0502.jpg,0.241845,-0.664463,0.707107
0503.jpg,0.280166,-0.769751,-0.573576
0504.jpg,0.081900,-0.936117,0.342020
0505.jpg,0.081900,-0.936117,-0.342020
0506.jpg,-0.087156,-0.996195,0.000000
0507.jpg,-0.330366,-0.907673,0.258819
0508.jpg,-0.262003,-0.719846,0.642788
0509.jpg,-0.144544,-0.397131,0.906308
0510.jpg,-0.321394,-0.883022,-0.342020
0511.jpg,-0.500000,-0.866025,0.000000
0512.jpg,-0.604023,-0.719846,0.342020
0513.jpg,1.000000,0.000000,0.000000
0514.jpg,0.939693,0.000000,0.342020
0515.jpg,0.707107,0.000000,0.707107
0516.jpg,0.000000,0.000000,1.000000
0517.jpg,0.939693,0.000000,-0.342020
0518.jpg,0.819152,0.000000,-0.573576
0519.jpg,0.981060,0.085832,0.173648
0520.jpg,0.981060,0.085832,-0.173648
0521.jpg,0.984808,0.173648,0.000000
0522.jpg,0.925417,0.163176,-0.342020
0523.jpg,0.907673,0.243210,0.342020
0524.jpg,0.925417,0.336824,0.173648
0525.jpg,0.925417,0.336824,-0.173648
0526.jpg,0.719846,0.262003,-0.642788
0527.jpg,0.906308,0.422618,0.000000
0528.jpg,0.791240,0.554032,0.258819
0529.jpg,0.627507,0.439385,0.642788
0530.jpg,0.346189,0.242404,0.906308
0531.jpg,0.769751,0.538986,-0.342020
0532.jpg,0.642788,0.766044,0.000000
0533.jpg,0.492404,0.586824,-0.642788
0534.jpg,0.469846,0.813798,0.342020
0535.jpg,0.469846,0.813798,-0.342020
0536.jpg,0.342020,0.939693,0.000000
0537.jpg,0.241845,0.664463,0.707107
0538.jpg,0.280166,0.769751,-0.573576
0539.jpg,0.081900,0.936117,0.342020
0540.jpg,0.081900,0.936117,-0.342020
0541.jpg,-0.087156,0.996195,0.000000
0542.jpg,-0.330366,0.907673,0.258819
0543.jpg,-0.262003,0.719846,0.642788
0544.jpg,-0.144544,0.397131,0.906308
0545.jpg,-0.321394,0.883022,-0.342020
0546.jpg,-0.500000,0.866025,0.000000
0547.jpg,-0.604023,0.719846,0.342020
0548.jpg,0.981060,-0.085832,0.173648
0549.jpg,0.981060,-0.085832,-0.173648
0550.jpg,0.984808,-0.173648,0.000000
0551.jpg,0.925417,-0.163176,-0.342020
0552.jpg,0.907673,-0.243210,0.342020
0553.jpg,0.925417,-0.336824,0.173648
0554.jpg,0.925417,-0.336824,-0.173648
0555.jpg,0.719846,-0.262003,-0.642788
0556.jpg,0.906308,-0.422618,0.000000
0557.jpg,0.791240,-0.554032,0.258819
0558.jpg,0.627507,-0.439385,0.642788
0559.jpg,0.346189,-0.242404,0.906308
0560.jpg,0.769751,-0.538986,-0.342020
0561.jpg,0.642788,-0.766044,0.000000
0562.jpg,0.492404,-0.586824,-0.642788
0563.jpg,0.469846,-0.813798,0.342020
0564.jpg,0.469846,-0.813798,-0.342020
0565.jpg,0.342020,-0.939693,0.000000
0566.jpg,0.241845,-0.664463,0.707107
0567.jpg,0.280166,-0.769751,-0.573576
0568.jpg,0.081900,-0.936117,0.342020
0569.jpg,0.081900,-0.936117,-0.342020
0570.jpg,-0.087156,-0.996195,0.000000
0571.jpg,-0.330366,-0.907673,0.258819
0572.jpg,-0.262003,-0.719846,0.642788
0573.jpg,-0.144544,-0.397131,0.906308
0574.jpg,-0.321394,-0.883022,-0.342020
0575.jpg,-0.500000,-0.866025,0.000000
0576.jpg,-0.604023,-0.719846,0.342020
0577.jpg,1.000000,0.000000,0.000000
0578.jpg,0.939693,0.000000,0.342020
0579.jpg,0.707107,0.000000,0.707107
0580.jpg,0.000000,0.000000,1.000000
0581.jpg,0.939693,0.000000,-0.342020
0582.jpg,0.819152,0.000000,-0.573576
0583.jpg,0.981060,0.085832,0.173648
0584.jpg,0.981060,0.085832,-0.173648
0585.jpg,0.984808,0.173648,0.000000
0586.jpg,0.925417,0.163176,-0.342020
0587.jpg,0.907673,0.243210,0.342020
0588.jpg,0.925417,0.336824,0.173648
0589.jpg,0.925417,0.336824,-0.173648
0590.jpg,0.719846,0.262003,-0.642788
0591.jpg,0.906308,0.422618,0.000000
0592.jpg,0.791240,0.554032,0.258819
0593.jpg,0.627507,0.439385,0.642788
0594.jpg,0.346189,0.242404,0.906308
0595.jpg,0.769751,0.538986,-0.342020
0596.jpg,0.642788,0.766044,0.000000
0597.jpg,0.492404,0.586824,-0.642788
0598.jpg,0.469846,0.813798,0.342020
0599.jpg,0.469846,0.813798,-0.342020
0600.jpg,0.342020,0.939693,0.000000
0601.jpg,0.241845,0.664463,0.707107
0602.jpg,0.280166,0.769751,-0.573576
0603.jpg,0.081900,0.936117,0.342020
0604.jpg,0.081900,0.936117,-0.342020
0605.jpg,-0.087156,0.996195,0.000000
0606.jpg,-0.330366,0.907673,0.258819
0607.jpg,-0.262003,0.719846,0.642788
0608.jpg,-0.144544,0.397131,0.906308
0609.jpg,-0.321394,0.883022,-0.342020
0610.jpg,-0.500000,0.866025,0.000000
0611.jpg,-0.604023,0.719846,0.342020
0612.jpg,0.981060,-0.085832,0.173648
0613.jpg,0.981060,-0.085832,-0.173648
0614.jpg,0.984808,-0.173648,0.000000
0615.jpg,0.925417,-0.163176,-0.342020
0616.jpg,0.907673,-0.243210,0.342020
0617.jpg,0.925417,-0.336824,0.173648
0618.jpg,0.925417,-0.336824,-0.173648
0619.jpg,0.719846,-0.262003,-0.642788
0620.jpg,0.906308,-0.422618,0.000000
0621.jpg,0.791240,-0.554032,0.258819
0622.jpg,0.627507,-0.439385,0.642788
0623.jpg,0.346189,-0.242404,0.906308
0624.jpg,0.769751,-0.538986,-0.342020
0625.jpg,0.642788,-0.766044,0.000000
0626.jpg,0.492404,-0.586824,-0.642788
0627.jpg,0.469846,-0.813798,0.342020
0628.jpg,0.469846,-0.813798,-0.342020
0629.jpg,0.342020,-0.939693,0.000000
0630.jpg,0.241845,-0.664463,0.707107
0631.jpg,0.280166,-0.769751,-0.573576
0632.jpg,0.081900,-0.936117,0.342020
0633.jpg,0.081900,-0.936117,-0.342020
0634.jpg,-0.087156,-0.996195,0.000000
0635.jpg,-0.330366,-0.907673,0.258819
0636.jpg,-0.262003,-0.719846,0.642788
0637.jpg,-0.144544,-0.397131,0.906308
0638.jpg,-0.321394,-0.883022,-0.342020
0639.jpg,-0.500000,-0.866025,0.000000
0640.jpg,-0.604023,-0.719846,0.342020
0641.jpg,1.000000,0.000000,0.000000
0642.jpg,0.939693,0.000000,0.342020
0643.jpg,0.707107,0.000000,0.707107
0644.jpg,0.000000,0.000000,1.000000
0645.jpg,0.939693,0.000000,-0.342020
0646.jpg,0.819152,0.000000,-0.573576
0647.jpg,0.981060,0.085832,0.173648
0648.jpg,0.981060,0.085832,-0.173648
0649.jpg,0.984808,0.173648,0.000000
0650.jpg,0.925417,0.163176,-0.342020
0651.jpg,0.907673,0.243210,0.342020
0652.jpg,0.925417,0.336824,0.173648
0653.jpg,0.925417,0.336824,-0.173648
0654.jpg,0.719846,0.262003,-0.642788
0655.jpg,0.906308,0.422618,0.000000
0656.jpg,0.791240,0.554032,0.258819
0657.jpg,0.627507,0.439385,0.642788
0658.jpg,0.346189,0.242404,0.906308
0659.jpg,0.769751,0.538986,-0.342020
0660.jpg,0.642788,0.766044,0.000000
0661.jpg,0.469846,0.813798,0.342020
0662.jpg,0.469846,0.813798,-0.342020
0663.jpg,0.342020,0.939693,0.000000
0664.jpg,0.241845,0.664463,0.707107
0665.jpg,0.280166,0.769751,-0.573576
0666.jpg,0.081900,0.936117,0.342020
0667.jpg,0.081900,0.936117,-0.342020
0668.jpg,-0.330366,0.907673,0.258819
0669.jpg,-0.262003,0.719846,0.642788
0670.jpg,-0.144544,0.397131,0.906308
0671.jpg,-0.321394,0.883022,-0.342020
0672.jpg,-0.500000,0.866025,0.000000
0673.jpg,-0.604023,0.719846,0.342020
0674.jpg,0.981060,-0.085832,0.173648
0675.jpg,0.981060,-0.085832,-0.173648
0676.jpg,0.984808,-0.173648,0.000000
0677.jpg,0.925417,-0.163176,-0.342020
0678.jpg,0.907673,-0.243210,0.342020
0679.jpg,0.925417,-0.336824,0.173648
0680.jpg,0.925417,-0.336824,-0.173648
0681.jpg,0.719846,-0.262003,-0.642788
0682.jpg,0.906308,-0.422618,0.000000
0683.jpg,0.791240,-0.554032,0.258819
0684.jpg,0.627507,-0.439385,0.642788
0685.jpg,0.346189,-0.242404,0.906308
0686.jpg,0.769751,-0.538986,-0.342020
0687.jpg,0.642788,-0.766044,0.000000
0688.jpg,0.469846,-0.813798,0.342020
0689.jpg,0.469846,-0.813798,-0.342020
0690.jpg,0.342020,-0.939693,0.000000
0691.jpg,0.241845,-0.664463,0.707107
0692.jpg,0.280166,-0.769751,-0.573576
0693.jpg,0.081900,-0.936117,0.342020
0694.jpg,0.081900,-0.936117,-0.342020
0695.jpg,-0.087156,-0.996195,0.000000
0696.jpg,-0.262003,-0.719846,0.642788
0697.jpg,-0.144544,-0.397131,0.906308
0698.jpg,-0.321394,-0.883022,-0.342020
0699.jpg,-0.500000,-0.866025,0.000000
0700.jpg,-0.604023,-0.719846,0.342020
0701.jpg,1.000000,0.000000,0.000000
0702.jpg,0.939693,0.000000,0.342020
0703.jpg,0.707107,0.000000,0.707107
0704.jpg,0.000000,0.000000,1.000000
0705.jpg,0.939693,0.000000,-0.342020
0706.jpg,0.819152,0.000000,-0.573576
0707.jpg,0.981060,0.085832,0.173648
0708.jpg,0.981060,0.085832,-0.173648
0709.jpg,0.984808,0.173648,0.000000
0710.jpg,0.925417,0.163176,-0.342020
0711.jpg,0.907673,0.243210,0.342020
0712.jpg,0.925417,0.336824,0.173648
0713.jpg,0.925417,0.336824,-0.173648
0714.jpg,0.719846,0.262003,-0.642788
0715.jpg,0.906308,0.422618,0.000000
0716.jpg,0.791240,0.554032,0.258819
0717.jpg,0.627507,0.439385,0.642788
0718.jpg,0.346189,0.242404,0.906308
0719.jpg,0.769751,0.538986,-0.342020
0720.jpg,0.642788,0.766044,0.000000
0721.jpg,0.469846,0.813798,0.342020
0722.jpg,0.469846,0.813798,-0.342020
0723.jpg,0.342020,0.939693,0.000000
0724.jpg,0.241845,0.664463,0.707107
0725.jpg,0.280166,0.769751,-0.573576
0726.jpg,0.081900,0.936117,0.342020
0727.jpg,0.081900,0.936117,-0.342020
0728.jpg,-0.330366,0.907673,0.258819
0729.jpg,-0.262003,0.719846,0.642788
0730.jpg,-0.144544,0.397131,0.906308
0731.jpg,-0.321394,0.883022,-0.342020
0732.jpg,-0.500000,0.866025,0.000000
0733.jpg,-0.604023,0.719846,0.342020
0734.jpg,0.981060,-0.085832,0.173648
0735.jpg,0.981060,-0.085832,-0.173648
0736.jpg,0.984808,-0.173648,0.000000
0737.jpg,0.925417,-0.163176,-0.342020
0738.jpg,0.907673,-0.243210,0.342020
0739.jpg,0.925417,-0.336824,0.173648
0740.jpg,0.925417,-0.336824,-0.173648
0741.jpg,0.719846,-0.262003,-0.642788
0742.jpg,0.906308,-0.422618,0.000000
0743.jpg,0.791240,-0.554032,0.258819
0744.jpg,0.627507,-0.439385,0.642788
0745.jpg,0.346189,-0.242404,0.906308
0746.jpg,0.769751,-0.538986,-0.342020
0747.jpg,0.642788,-0.766044,0.000000
0748.jpg,0.469846,-0.813798,0.342020
0749.jpg,0.469846,-0.813798,-0.342020
0750.jpg,0.342020,-0.939693,0.000000
0751.jpg,0.241845,-0.664463,0.707107
0752.jpg,0.280166,-0.769751,-0.573576
0753.jpg,0.081900,-0.936117,0.342020
0754.jpg,0.081900,-0.936117,-0.342020
0755.jpg,-0.087156,-0.996195,0.000000
0756.jpg,-0.262003,-0.719846,0.642788
0757.jpg,-0.144544,-0.397131,0.906308
0758.jpg,-0.500000,-0.866025,0.000000
0759.jpg,-0.604023,-0.719846,0.342020
0760.jpg,1.000000,0.000000,0.000000
0761.jpg,0.939693,0.000000,0.342020
0762.jpg,0.707107,0.000000,0.707107
0763.jpg,0.000000,0.000000,1.000000
0764.jpg,0.939693,0.000000,-0.342020
0765.jpg,0.819152,0.000000,-0.573576
0766.jpg,0.981060,0.085832,0.173648
0767.jpg,0.981060,0.085832,-0.173648
0768.jpg,0.984808,0.173648,0.000000
0769.jpg,0.925417,0.163176,-0.342020
0770.jpg,0.907673,0.243210,0.342020
0771.jpg,0.925417,0.336824,0.173648
0772.jpg,0.925417,0.336824,-0.173648
0773.jpg,0.719846,0.262003,-0.642788
0774.jpg,0.906308,0.422618,0.000000
0775.jpg,0.791240,0.554032,0.258819
0776.jpg,0.627507,0.439385,0.642788
0777.jpg,0.346189,0.242404,0.906308
0778.jpg,0.769751,0.538986,-0.342020
0779.jpg,0.642788,0.766044,0.000000
0780.jpg,0.469846,0.813798,0.342020
0781.jpg,0.469846,0.813798,-0.342020
0782.jpg,0.342020,0.939693,0.000000
0783.jpg,0.241845,0.664463,0.707107
0784.jpg,0.280166,0.769751,-0.573576
0785.jpg,0.081900,0.936117,0.342020
0786.jpg,0.081900,0.936117,-0.342020
0787.jpg,-0.330366,0.907673,0.258819
0788.jpg,-0.262003,0.719846,0.642788
0789.jpg,-0.144544,0.397131,0.906308
0790.jpg,-0.321394,0.883022,-0.342020
0791.jpg,-0.500000,0.866025,0.000000
0792.jpg,-0.604023,0.719846,0.342020
0793.jpg,0.981060,-0.085832,0.173648
0794.jpg,0.981060,-0.085832,-0.173648
0795.jpg,0.984808,-0.173648,0.000000
0796.jpg,0.925417,-0.163176,-0.342020
0797.jpg,0.907673,-0.243210,0.342020
0798.jpg,0.925417,-0.336824,0.173648
0799.jpg,0.925417,-0.336824,-0.173648
0800.jpg,0.719846,-0.262003,-0.642788
0801.jpg,0.906308,-0.422618,0.000000
0802.jpg,0.791240,-0.554032,0.258819
0803.jpg,0.627507,-0.439385,0.642788
0804.jpg,0.346189,-0.242404,0.906308
0805.jpg,0.769751,-0.538986,-0.342020
0806.jpg,0.642788,-0.766044,0.000000
0807.jpg,0.469846,-0.813798,0.342020
0808.jpg,0.469846,-0.813798,-0.342020
0809.jpg,0.342020,-0.939693,0.000000
0810.jpg,0.241845,-0.664463,0.707107
0811.jpg,0.280166,-0.769751,-0.573576
0812.jpg,0.081900,-0.936117,0.342020
0813.jpg,0.081900,-0.936117,-0.342020
0814.jpg,-0.087156,-0.996195,0.000000
0815.jpg,-0.262003,-0.719846,0.642788
0816.jpg,-0.144544,-0.397131,0.906308
0817.jpg,-0.321394,-0.883022,-0.342020
0818.jpg,-0.500000,-0.866025,0.000000
0819.jpg,-0.604023,-0.719846,0.342020
0820.jpg,1.000000,0.000000,0.000000
0821.jpg,0.939693,0.000000,0.342020
0822.jpg,0.707107,0.000000,0.707107
0823.jpg,0.000000,0.000000,1.000000
0824.jpg,0.939693,0.000000,-0.342020
0825.jpg,0.819152,0.000000,-0.573576
0826.jpg,0.981060,0.085832,0.173648
0827.jpg,0.981060,0.085832,-0.173648
0828.jpg,0.984808,0.173648,0.000000
0829.jpg,0.925417,0.163176,-0.342020
0830.jpg,0.907673,0.243210,0.342020
0831.jpg,0.925417,0.336824,0.173648
0832.jpg,0.925417,0.336824,-0.173648
0833.jpg,0.719846,0.262003,-0.642788
0834.jpg,0.906308,0.422618,0.000000
0835.jpg,0.791240,0.554032,0.258819
0836.jpg,0.627507,0.439385,0.642788
0837.jpg,0.346189,0.242404,0.906308
0838.jpg,0.769751,0.538986,-0.342020
0839.jpg,0.642788,0.766044,0.000000
0840.jpg,0.492404,0.586824,-0.642788
0841.jpg,0.469846,0.813798,0.342020
0842.jpg,0.469846,0.813798,-0.342020
0843.jpg,0.342020,0.939693,0.000000
0844.jpg,0.241845,0.664463,0.707107
0845.jpg,0.280166,0.769751,-0.573576
0846.jpg,0.081900,0.936117,0.342020
0847.jpg,0.081900,0.936117,-0.342020
0848.jpg,-0.087156,0.996195,0.000000
0849.jpg,-0.330366,0.907673,0.258819
0850.jpg,-0.262003,0.719846,0.642788
0851.jpg,-0.144544,0.397131,0.906308
0852.jpg,-0.321394,0.883022,-0.342020
0853.jpg,-0.500000,0.866025,0.000000
0854.jpg,-0.604023,0.719846,0.342020
0855.jpg,0.981060,-0.085832,0.173648
0856.jpg,0.981060,-0.085832,-0.173648
0857.jpg,0.984808,-0.173648,0.000000
0858.jpg,0.925417,-0.163176,-0.342020
0859.jpg,0.907673,-0.243210,0.342020
0860.jpg,0.925417,-0.336824,0.173648
0861.jpg,0.925417,-0.336824,-0.173648
0862.jpg,0.719846,-0.262003,-0.642788
0863.jpg,0.906308,-0.422618,0.000000
0864.jpg,0.791240,-0.554032,0.258819
0865.jpg,0.346189,-0.242404,0.906308
0866.jpg,0.769751,-0.538986,-0.342020
0867.jpg,0.642788,-0.766044,0.000000
0868.jpg,0.492404,-0.586824,-0.642788
0869.jpg,0.469846,-0.813798,0.342020
0870.jpg,0.469846,-0.813798,-0.342020
0871.jpg,0.342020,-0.939693,0.000000
0872.jpg,0.241845,-0.664463,0.707107
0873.jpg,0.280166,-0.769751,-0.573576
0874.jpg,0.081900,-0.936117,0.342020
0875.jpg,0.081900,-0.936117,-0.342020
0876.jpg,-0.087156,-0.996195,0.000000
0877.jpg,-0.330366,-0.907673,0.258819
0878.jpg,-0.262003,-0.719846,0.642788
0879.jpg,-0.144544,-0.397131,0.906308
0880.jpg,-0.321394,-0.883022,-0.342020
0881.jpg,-0.500000,-0.866025,0.000000
0882.jpg,-0.604023,-0.719846,0.342020
0883.jpg,1.000000,0.000000,0.000000
0884.jpg,0.939693,0.000000,0.342020
0885.jpg,0.707107,0.000000,0.707107
0886.jpg,0.000000,0.000000,1.000000
0887.jpg,0.939693,0.000000,-0.342020
0888.jpg,0.819152,0.000000,-0.573576
0889.jpg,0.981060,0.085832,0.173648
0890.jpg,0.981060,0.085832,-0.173648
0891.jpg,0.984808,0.173648,0.000000
0892.jpg,0.925417,0.163176,-0.342020
0893.jpg,0.907673,0.243210,0.342020
0894.jpg,0.925417,0.336824,0.173648
0895.jpg,0.925417,0.336824,-0.173648
0896.jpg,0.719846,0.262003,-0.642788
0897.jpg,0.906308,0.422618,0.000000
0898.jpg,0.791240,0.554032,0.258819
0899.jpg,0.627507,0.439385,0.642788
0900.jpg,0.346189,0.242404,0.906308
0901.jpg,0.769751,0.538986,-0.342020
0902.jpg,0.642788,0.766044,0.000000
0903.jpg,0.492404,0.586824,-0.642788
0904.jpg,0.469846,0.813798,0.342020
0905.jpg,0.469846,0.813798,-0.342020
0906.jpg,0.342020,0.939693,0.000000
0907.jpg,0.241845,0.664463,0.707107
0908.jpg,0.280166,0.769751,-0.573576
0909.jpg,0.081900,0.936117,0.342020
0910.jpg,0.081900,0.936117,-0.342020
0911.jpg,-0.330366,0.907673,0.258819
0912.jpg,-0.262003,0.719846,0.642788
0913.jpg,-0.144544,0.397131,0.906308
0914.jpg,-0.321394,0.883022,-0.342020
0915.jpg,-0.500000,0.866025,0.000000
0916.jpg,-0.604023,0.719846,0.342020
0917.jpg,0.981060,-0.085832,0.173648
0918.jpg,0.981060,-0.085832,-0.173648
0919.jpg,0.925417,-0.163176,-0.342020
0920.jpg,0.907673,-0.243210,0.342020
0921.jpg,0.925417,-0.336824,0.173648
0922.jpg,0.925417,-0.336824,-0.173648
0923.jpg,0.719846,-0.262003,-0.642788
0924.jpg,0.906308,-0.422618,0.000000
0925.jpg,0.791240,-0.554032,0.258819
0926.jpg,0.627507,-0.439385,0.642788
0927.jpg,0.346189,-0.242404,0.906308
0928.jpg,0.769751,-0.538986,-0.342020
0929.jpg,0.642788,-0.766044,0.000000
0930.jpg,0.492404,-0.586824,-0.642788
0931.jpg,0.469846,-0.813798,0.342020
0932.jpg,0.469846,-0.813798,-0.342020
0933.jpg,0.342020,-0.939693,0.000000
0934.jpg,0.241845,-0.664463,0.707107
0935.jpg,0.280166,-0.769751,-0.573576
0936.jpg,0.081900,-0.936117,0.342020
0937.jpg,0.081900,-0.936117,-0.342020
0938.jpg,-0.087156,-0.996195,0.000000
0939.jpg,-0.330366,-0.907673,0.258819
0940.jpg,-0.262003,-0.719846,0.642788
0941.jpg,-0.144544,-0.397131,0.906308
0942.jpg,-0.321394,-0.883022,-0.342020
0943.jpg,-0.500000,-0.866025,0.000000
0944.jpg,-0.604023,-0.719846,0.342020
0945.jpg,1.000000,0.000000,0.000000
0946.jpg,0.939693,0.000000,0.342020
0947.jpg,0.707107,0.000000,0.707107
0948.jpg,0.000000,0.000000,1.000000
0949.jpg,0.939693,0.000000,-0.342020
0950.jpg,0.819152,0.000000,-0.573576
0951.jpg,0.981060,0.085832,0.173648
0952.jpg,0.981060,0.085832,-0.173648
0953.jpg,0.984808,0.173648,0.000000
0954.jpg,0.925417,0.163176,-0.342020
0955.jpg,0.907673,0.243210,0.342020
0956.jpg,0.925417,0.336824,0.173648
0957.jpg,0.925417,0.336824,-0.173648
0958.jpg,0.719846,0.262003,-0.642788
0959.jpg,0.906308,0.422618,0.000000
0960.jpg,0.791240,0.554032,0.258819
0961.jpg,0.627507,0.439385,0.642788
0962.jpg,0.346189,0.242404,0.906308
0963.jpg,0.769751,0.538986,-0.342020
0964.jpg,0.642788,0.766044,0.000000
0965.jpg,0.492404,0.586824,-0.642788
0966.jpg,0.469846,0.813798,0.342020
0967.jpg,0.469846,0.813798,-0.342020
0968.jpg,0.342020,0.939693,0.000000
0969.jpg,0.241845,0.664463,0.707107
0970.jpg,0.280166,0.769751,-0.573576
0971.jpg,0.081900,0.936117,0.342020
0972.jpg,0.081900,0.936117,-0.342020
0973.jpg,-0.087156,0.996195,0.000000
0974.jpg,-0.330366,0.907673,0.258819
0975.jpg,-0.262003,0.719846,0.642788
0976.jpg,-0.144544,0.397131,0.906308
0977.jpg,-0.321394,0.883022,-0.342020
0978.jpg,-0.500000,0.866025,0.000000
0979.jpg,-0.604023,0.719846,0.342020
0980.jpg,0.981060,-0.085832,0.173648
0981.jpg,0.981060,-0.085832,-0.173648
0982.jpg,0.925417,-0.163176,-0.342020
0983.jpg,0.907673,-0.243210,0.342020
0984.jpg,0.925417,-0.336824,0.173648
0985.jpg,0.925417,-0.336824,-0.173648
0986.jpg,0.719846,-0.262003,-0.642788
0987.jpg,0.906308,-0.422618,0.000000
0988.jpg,0.791240,-0.554032,0.258819
0989.jpg,0.627507,-0.439385,0.642788
0990.jpg,0.346189,-0.242404,0.906308
0991.jpg,0.769751,-0.538986,-0.342020
0992.jpg,0.642788,-0.766044,0.000000
0993.jpg,0.492404,-0.586824,-0.642788
0994.jpg,0.469846,-0.813798,0.342020
0995.jpg,0.469846,-0.813798,-0.342020
0996.jpg,0.342020,-0.939693,0.000000
0997.jpg,0.241845,-0.664463,0.707107
0998.jpg,0.280166,-0.769751,-0.573576
0999.jpg,0.081900,-0.936117,0.342020
1000.jpg,0.081900,-0.936117,-0.342020
1001.jpg,-0.087156,-0.996195,0.000000
1002.jpg,-0.330366,-0.907673,0.258819
1003.jpg,-0.262003,-0.719846,0.642788
1004.jpg,-0.144544,-0.397131,0.906308
1005.jpg,-0.321394,-0.883022,-0.342020
1006.jpg,-0.500000,-0.866025,0.000000
1007.jpg,-0.604023,-0.719846,0.342020
1008.jpg,1.000000,0.000000,0.000000
1009.jpg,0.939693,0.000000,0.342020
1010.jpg,0.707107,0.000000,0.707107
1011.jpg,0.000000,0.000000,1.000000
1012.jpg,0.939693,0.000000,-0.342020
1013.jpg,0.819152,0.000000,-0.573576
1014.jpg,0.981060,0.085832,0.173648
1015.jpg,0.981060,0.085832,-0.173648
1016.jpg,0.984808,0.173648,0.000000
1017.jpg,0.925417,0.163176,-0.342020
1018.jpg,0.907673,0.243210,0.342020
1019.jpg,0.925417,0.336824,0.173648
1020.jpg,0.925417,0.336824,-0.173648
1021.jpg,0.719846,0.262003,-0.642788
1022.jpg,0.906308,0.422618,0.000000
1023.jpg,0.791240,0.554032,0.258819
1024.jpg,0.627507,0.439385,0.642788
1025.jpg,0.346189,0.242404,0.906308
1026.jpg,0.769751,0.538986,-0.342020
1027.jpg,0.642788,0.766044,0.000000
1028.jpg,0.492404,0.586824,-0.642788
1029.jpg,0.469846,0.813798,0.342020
1030.jpg,0.469846,0.813798,-0.342020
1031.jpg,0.342020,0.939693,0.000000
1032.jpg,0.241845,0.664463,0.707107
1033.jpg,0.280166,0.769751,-0.573576
1034.jpg,0.081900,0.936117,0.342020
1035.jpg,0.081900,0.936117,-0.342020
1036.jpg,-0.087156,0.996195,0.000000
1037.jpg,-0.330366,0.907673,0.258819
1038.jpg,-0.262003,0.719846,0.642788
1039.jpg,-0.144544,0.397131,0.906308
1040.jpg,-0.321394,0.883022,-0.342020
1041.jpg,-0.500000,0.866025,0.000000
1042.jpg,-0.604023,0.719846,0.342020
1043.jpg,0.981060,-0.085832,0.173648
1044.jpg,0.981060,-0.085832,-0.173648
1045.jpg,0.925417,-0.163176,-0.342020
1046.jpg,0.907673,-0.243210,0.342020
1047.jpg,0.925417,-0.336824,0.173648
1048.jpg,0.925417,-0.336824,-0.173648
1049.jpg,0.719846,-0.262003,-0.642788
1050.jpg,0.906308,-0.422618,0.000000
1051.jpg,0.791240,-0.554032,0.258819
1052.jpg,0.627507,-0.439385,0.642788
1053.jpg,0.346189,-0.242404,0.906308
1054.jpg,0.769751,-0.538986,-0.342020
1055.jpg,0.642788,-0.766044,0.000000
1056.jpg,0.492404,-0.586824,-0.642788
1057.jpg,0.469846,-0.813798,0.342020
1058.jpg,0.469846,-0.813798,-0.342020
1059.jpg,0.342020,-0.939693,0.000000
1060.jpg,0.241845,-0.664463,0.707107
1061.jpg,0.280166,-0.769751,-0.573576
1062.jpg,0.081900,-0.936117,0.342020
1063.jpg,0.081900,-0.936117,-0.342020
1064.jpg,-0.087156,-0.996195,0.000000
1065.jpg,-0.330366,-0.907673,0.258819
1066.jpg,-0.262003,-0.719846,0.642788
1067.jpg,-0.144544,-0.397131,0.906308
1068.jpg,-0.321394,-0.883022,-0.342020
1069.jpg,-0.500000,-0.866025,0.000000
1070.jpg,-0.604023,-0.719846,0.342020
1071.jpg,1.000000,0.000000,0.000000
1072.jpg,0.939693,0.000000,0.342020
1073.jpg,0.707107,0.000000,0.707107
1074.jpg,0.000000,0.000000,1.000000
1075.jpg,0.939693,0.000000,-0.342020
1076.jpg,0.819152,0.000000,-0.573576
1077.jpg,0.981060,0.085832,0.173648
1078.jpg,0.981060,0.085832,-0.173648
1079.jpg,0.984808,0.173648,0.000000
1080.jpg,0.925417,0.163176,-0.342020
1081.jpg,0.907673,0.243210,0.342020
1082.jpg,0.925417,0.336824,0.173648
1083.jpg,0.925417,0.336824,-0.173648
1084.jpg,0.719846,0.262003,-0.642788
1085.jpg,0.906308,0.422618,0.000000
1086.jpg,0.791240,0.554032,0.258819
1087.jpg,0.627507,0.439385,0.642788
1088.jpg,0.346189,0.242404,0.906308
1089.jpg,0.769751,0.538986,-0.342020
1090.jpg,0.642788,0.766044,0.000000
1091.jpg,0.492404,0.586824,-0.642788
1092.jpg,0.469846,0.813798,0.342020
1093.jpg,0.469846,0.813798,-0.342020
1094.jpg,0.342020,0.939693,0.000000
1095.jpg,0.241845,0.664463,0.707107
1096.jpg,0.280166,0.769751,-0.573576
1097.jpg,0.081900,0.936117,0.342020
1098.jpg,0.081900,0.936117,-0.342020
1099.jpg,-0.087156,0.996195,0.000000
1100.jpg,-0.330366,0.907673,0.258819
1101.jpg,-0.262003,0.719846,0.642788
1102.jpg,-0.144544,0.397131,0.906308
1103.jpg,-0.321394,0.883022,-0.342020
1104.jpg,-0.500000,0.866025,0.000000
1105.jpg,-0.604023,0.719846,0.342020
1106.jpg,0.981060,-0.085832,0.173648
1107.jpg,0.981060,-0.085832,-0.173648
1108.jpg,0.984808,-0.173648,0.000000
1109.jpg,0.925417,-0.163176,-0.342020
1110.jpg,0.907673,-0.243210,0.342020
1111.jpg,0.925417,-0.336824,0.173648
1112.jpg,0.925417,-0.336824,-0.173648
1113.jpg,0.719846,-0.262003,-0.642788
1114.jpg,0.906308,-0.422618,0.000000
1115.jpg,0.791240,-0.554032,0.258819
1116.jpg,0.627507,-0.439385,0.642788
1117.jpg,0.346189,-0.242404,0.906308
1118.jpg,0.769751,-0.538986,-0.342020
1119.jpg,0.642788,-0.766044,0.000000
1120.jpg,0.492404,-0.586824,-0.642788
1121.jpg,0.469846,-0.813798,0.342020
1122.jpg,0.469846,-0.813798,-0.342020
1123.jpg,0.342020,-0.939693,0.000000
1124.jpg,0.241845,-0.664463,0.707107
1125.jpg,0.280166,-0.769751,-0.573576
1126.jpg,0.081900,-0.936117,0.342020
1127.jpg,0.081900,-0.936117,-0.342020
1128.jpg,-0.087156,-0.996195,0.000000
1129.jpg,-0.330366,-0.907673,0.258819
1130.jpg,-0.262003,-0.719846,0.642788
1131.jpg,-0.144544,-0.397131,0.906308
1132.jpg,-0.321394,-0.883022,-0.342020
1133.jpg,-0.500000,-0.866025,0.000000
1134.jpg,-0.604023,-0.719846,0.342020
1135.jpg,1.000000,0.000000,0.000000
1136.jpg,0.939693,0.000000,0.342020
1137.jpg,0.707107,0.000000,0.707107
1138.jpg,0.000000,0.000000,1.000000
1139.jpg,0.939693,0.000000,-0.342020
1140.jpg,0.819152,0.000000,-0.573576
1141.jpg,0.981060,0.085832,0.173648
1142.jpg,0.981060,0.085832,-0.173648
1143.jpg,0.984808,0.173648,0.000000
1144.jpg,0.925417,0.163176,-0.342020
1145.jpg,0.907673,0.243210,0.342020
1146.jpg,0.925417,0.336824,0.173648
1147.jpg,0.925417,0.336824,-0.173648
1148.jpg,0.719846,0.262003,-0.642788
1149.jpg,0.906308,0.422618,0.000000
1150.jpg,0.791240,0.554032,0.258819
1151.jpg,0.627507,0.439385,0.642788
1152.jpg,0.346189,0.242404,0.906308
1153.jpg,0.769751,0.538986,-0.342020
1154.jpg,0.642788,0.766044,0.000000
1155.jpg,0.492404,0.586824,-0.642788
1156.jpg,0.469846,0.813798,0.342020
1157.jpg,0.469846,0.813798,-0.342020
1158.jpg,0.342020,0.939693,0.000000
1159.jpg,0.241845,0.664463,0.707107
1160.jpg,0.280166,0.769751,-0.573576
1161.jpg,0.081900,0.936117,0.342020
1162.jpg,0.081900,0.936117,-0.342020
1163.jpg,-0.087156,0.996195,0.000000
1164.jpg,-0.330366,0.907673,0.258819
1165.jpg,-0.262003,0.719846,0.642788
1166.jpg,-0.144544,0.397131,0.906308
1167.jpg,-0.321394,0.883022,-0.342020
1168.jpg,-0.500000,0.866025,0.000000
1169.jpg,-0.604023,0.719846,0.342020
1170.jpg,0.981060,-0.085832,0.173648
1171.jpg,0.981060,-0.085832,-0.173648
1172.jpg,0.984808,-0.173648,0.000000
1173.jpg,0.925417,-0.163176,-0.342020
1174.jpg,0.907673,-0.243210,0.342020
1175.jpg,0.925417,-0.336824,0.173648
1176.jpg,0.925417,-0.336824,-0.173648
1177.jpg,0.719846,-0.262003,-0.642788
1178.jpg,0.906308,-0.422618,0.000000
1179.jpg,0.791240,-0.554032,0.258819
1180.jpg,0.627507,-0.439385,0.642788
1181.jpg,0.346189,-0.242404,0.906308
1182.jpg,0.769751,-0.538986,-0.342020
1183.jpg,0.642788,-0.766044,0.000000
1184.jpg,0.492404,-0.586824,-0.642788
1185.jpg,0.469846,-0.813798,0.342020
1186.jpg,0.469846,-0.813798,-0.342020
1187.jpg,0.342020,-0.939693,0.000000
1188.jpg,0.241845,-0.664463,0.707107
1189.jpg,0.280166,-0.769751,-0.573576
1190.jpg,0.081900,-0.936117,0.342020
1191.jpg,0.081900,-0.936117,-0.342020
1192.jpg,-0.087156,-0.996195,0.000000
1193.jpg,-0.330366,-0.907673,0.258819
1194.jpg,-0.262003,-0.719846,0.642788
1195.jpg,-0.144544,-0.397131,0.906308
1196.jpg,-0.321394,-0.883022,-0.342020
1197.jpg,-0.500000,-0.866025,0.000000
1198.jpg,-0.604023,-0.719846,0.342020
1199.jpg,1.000000,0.000000,0.000000
1200.jpg,0.939693,0.000000,0.342020
1201.jpg,0.707107,0.000000,0.707107
1202.jpg,0.000000,0.000000,1.000000
1203.jpg,0.939693,0.000000,-0.342020
1204.jpg,0.819152,0.000000,-0.573576
1205.jpg,0.981060,0.085832,0.173648
1206.jpg,0.981060,0.085832,-0.173648
1207.jpg,0.984808,0.173648,0.000000
1208.jpg,0.925417,0.163176,-0.342020
1209.jpg,0.907673,0.243210,0.342020
1210.jpg,0.925417,0.336824,0.173648
1211.jpg,0.925417,0.336824,-0.173648
1212.jpg,0.719846,0.262003,-0.642788
1213.jpg,0.906308,0.422618,0.000000
1214.jpg,0.791240,0.554032,0.258819
1215.jpg,0.627507,0.439385,0.642788
1216.jpg,0.346189,0.242404,0.906308
1217.jpg,0.769751,0.538986,-0.342020
1218.jpg,0.642788,0.766044,0.000000
1219.jpg,0.492404,0.586824,-0.642788
1220.jpg,0.469846,0.813798,0.342020
1221.jpg,0.469846,0.813798,-0.342020
1222.jpg,0.342020,0.939693,0.000000
1223.jpg,0.241845,0.664463,0.707107
1224.jpg,0.280166,0.769751,-0.573576
1225.jpg,0.081900,0.936117,0.342020
1226.jpg,0.081900,0.936117,-0.342020
1227.jpg,-0.087156,0.996195,0.000000
1228.jpg,-0.330366,0.907673,0.258819
1229.jpg,-0.262003,0.719846,0.642788
1230.jpg,-0.144544,0.397131,0.906308
1231.jpg,-0.321394,0.883022,-0.342020
1232.jpg,-0.500000,0.866025,0.000000
1233.jpg,-0.604023,0.719846,0.342020
1234.jpg,0.981060,-0.085832,0.173648
1235.jpg,0.981060,-0.085832,-0.173648
1236.jpg,0.984808,-0.173648,0.000000
1237.jpg,0.925417,-0.163176,-0.342020
1238.jpg,0.907673,-0.243210,0.342020
1239.jpg,0.925417,-0.336824,0.173648
1240.jpg,0.925417,-0.336824,-0.173648
1241.jpg,0.719846,-0.262003,-0.642788
1242.jpg,0.906308,-0.422618,0.000000
1243.jpg,0.791240,-0.554032,0.258819
1244.jpg,0.627507,-0.439385,0.642788
1245.jpg,0.346189,-0.242404,0.906308
1246.jpg,0.769751,-0.538986,-0.342020
1247.jpg,0.642788,-0.766044,0.000000
1248.jpg,0.492404,-0.586824,-0.642788
1249.jpg,0.469846,-0.813798,0.342020
1250.jpg,0.469846,-0.813798,-0.342020
1251.jpg,0.342020,-0.939693,0.000000
1252.jpg,0.241845,-0.664463,0.707107
1253.jpg,0.280166,-0.769751,-0.573576
1254.jpg,0.081900,-0.936117,0.342020
1255.jpg,0.081900,-0.936117,-0.342020
1256.jpg,-0.087156,-0.996195,0.000000
1257.jpg,-0.330366,-0.907673,0.258819
1258.jpg,-0.262003,-0.719846,0.642788
1259.jpg,-0.144544,-0.397131,0.906308
1260.jpg,-0.321394,-0.883022,-0.342020
1261.jpg,-0.500000,-0.866025,0.000000
1262.jpg,-0.604023,-0.719846,0.342020
1263.jpg,1.000000,0.000000,0.000000
1264.jpg,0.939693,0.000000,0.342020
1265.jpg,0.707107,0.000000,0.707107
1266.jpg,0.000000,0.000000,1.000000
1267.jpg,0.939693,0.000000,-0.342020
1268.jpg,0.819152,0.000000,-0.573576
1269.jpg,0.981060,0.085832,0.173648
1270.jpg,0.981060,0.085832,-0.173648
1271.jpg,0.984808,0.173648,0.000000
1272.jpg,0.925417,0.163176,-0.342020
1273.jpg,0.907673,0.243210,0.342020
1274.jpg,0.925417,0.336824,0.173648
1275.jpg,0.925417,0.336824,-0.173648
1276.jpg,0.719846,0.262003,-0.642788
1277.jpg,0.906308,0.422618,0.000000
1278.jpg,0.791240,0.554032,0.258819
1279.jpg,0.627507,0.439385,0.642788
1280.jpg,0.346189,0.242404,0.906308
1281.jpg,0.769751,0.538986,-0.342020
1282.jpg,0.642788,0.766044,0.000000
1283.jpg,0.492404,0.586824,-0.642788
1284.jpg,0.469846,0.813798,0.342020
1285.jpg,0.469846,0.813798,-0.342020
1286.jpg,0.342020,0.939693,0.000000
1287.jpg,0.241845,0.664463,0.707107
1288.jpg,0.280166,0.769751,-0.573576
1289.jpg,0.081900,0.936117,0.342020
1290.jpg,0.081900,0.936117,-0.342020
1291.jpg,-0.087156,0.996195,0.000000
1292.jpg,-0.330366,0.907673,0.258819
1293.jpg,-0.262003,0.719846,0.642788
1294.jpg,-0.144544,0.397131,0.906308
1295.jpg,-0.321394,0.883022,-0.342020
1296.jpg,-0.500000,0.866025,0.000000
1297.jpg,-0.604023,0.719846,0.342020
1298.jpg,0.981060,-0.085832,0.173648
1299.jpg,0.981060,-0.085832,-0.173648
1300.jpg,0.984808,-0.173648,0.000000
1301.jpg,0.925417,-0.163176,-0.342020
1302.jpg,0.907673,-0.243210,0.342020
1303.jpg,0.925417,-0.336824,0.173648
1304.jpg,0.925417,-0.336824,-0.173648
1305.jpg,0.719846,-0.262003,-0.642788
1306.jpg,0.906308,-0.422618,0.000000
1307.jpg,0.791240,-0.554032,0.258819
1308.jpg,0.627507,-0.439385,0.642788
1309.jpg,0.346189,-0.242404,0.906308
1310.jpg,0.769751,-0.538986,-0.342020
1311.jpg,0.642788,-0.766044,0.000000
1312.jpg,0.492404,-0.586824,-0.642788
1313.jpg,0.469846,-0.813798,0.342020
1314.jpg,0.469846,-0.813798,-0.342020
1315.jpg,0.342020,-0.939693,0.000000
1316.jpg,0.241845,-0.664463,0.707107
1317.jpg,0.280166,-0.769751,-0.573576
1318.jpg,0.081900,-0.936117,0.342020
1319.jpg,0.081900,-0.936117,-0.342020
1320.jpg,-0.087156,-0.996195,0.000000
1321.jpg,-0.330366,-0.907673,0.258819
1322.jpg,-0.262003,-0.719846,0.642788
1323.jpg,-0.144544,-0.397131,0.906308
1324.jpg,-0.321394,-0.883022,-0.342020
1325.jpg,-0.500000,-0.866025,0.000000
1326.jpg,-0.604023,-0.719846,0.342020
1327.jpg,1.000000,0.000000,0.000000
1328.jpg,0.939693,0.000000,0.342020
1329.jpg,0.707107,0.000000,0.707107
1330.jpg,0.000000,0.000000,1.000000
1331.jpg,0.939693,0.000000,-0.342020
1332.jpg,0.819152,0.000000,-0.573576
1333.jpg,0.981060,0.085832,0.173648
1334.jpg,0.981060,0.085832,-0.173648
1335.jpg,0.984808,0.173648,0.000000
1336.jpg,0.925417,0.163176,-0.342020
1337.jpg,0.907673,0.243210,0.342020
1338.jpg,0.925417,0.336824,0.173648
1339.jpg,0.925417,0.336824,-0.173648
1340.jpg,0.719846,0.262003,-0.642788
1341.jpg,0.906308,0.422618,0.000000
1342.jpg,0.791240,0.554032,0.258819
1343.jpg,0.627507,0.439385,0.642788
1344.jpg,0.346189,0.242404,0.906308
1345.jpg,0.769751,0.538986,-0.342020
1346.jpg,0.642788,0.766044,0.000000
1347.jpg,0.492404,0.586824,-0.642788
1348.jpg,0.469846,0.813798,0.342020
1349.jpg,0.469846,0.813798,-0.342020
1350.jpg,0.342020,0.939693,0.000000
1351.jpg,0.241845,0.664463,0.707107
1352.jpg,0.280166,0.769751,-0.573576
1353.jpg,0.081900,0.936117,0.342020
1354.jpg,0.081900,0.936117,-0.342020
1355.jpg,-0.087156,0.996195,0.000000
1356.jpg,-0.330366,0.907673,0.258819
1357.jpg,-0.262003,0.719846,0.642788
1358.jpg,-0.144544,0.397131,0.906308
1359.jpg,-0.321394,0.883022,-0.342020
1360.jpg,-0.500000,0.866025,0.000000
1361.jpg,-0.604023,0.719846,0.342020
1362.jpg,0.981060,-0.085832,0.173648
1363.jpg,0.981060,-0.085832,-0.173648
1364.jpg,0.984808,-0.173648,0.000000
1365.jpg,0.925417,-0.163176,-0.342020
1366.jpg,0.907673,-0.243210,0.342020
1367.jpg,0.925417,-0.336824,0.173648
1368.jpg,0.925417,-0.336824,-0.173648
1369.jpg,0.719846,-0.262003,-0.642788
1370.jpg,0.906308,-0.422618,0.000000
1371.jpg,0.791240,-0.554032,0.258819
1372.jpg,0.627507,-0.439385,0.642788
1373.jpg,0.346189,-0.242404,0.906308
1374.jpg,0.769751,-0.538986,-0.342020
1375.jpg,0.642788,-0.766044,0.000000
1376.jpg,0.492404,-0.586824,-0.642788
1377.jpg,0.469846,-0.813798,0.342020
1378.jpg,0.469846,-0.813798,-0.342020
1379.jpg,0.342020,-0.939693,0.000000
1380.jpg,0.241845,-0.664463,0.707107
1381.jpg,0.280166,-0.769751,-0.573576
1382.jpg,0.081900,-0.936117,0.342020
1383.jpg,0.081900,-0.936117,-0.342020
1384.jpg,-0.087156,-0.996195,0.000000
1385.jpg,-0.330366,-0.907673,0.258819
1386.jpg,-0.262003,-0.719846,0.642788
1387.jpg,-0.144544,-0.397131,0.906308
1388.jpg,-0.321394,-0.883022,-0.342020
1389.jpg,-0.500000,-0.866025,0.000000
1390.jpg,-0.604023,-0.719846,0.342020
1391.jpg,1.000000,0.000000,0.000000
1392.jpg,0.939693,0.000000,0.342020
1393.jpg,0.707107,0.000000,0.707107
1394.jpg,0.000000,0.000000,1.000000
1395.jpg,0.939693,0.000000,-0.342020
1396.jpg,0.819152,0.000000,-0.573576
1397.jpg,0.981060,0.085832,0.173648
1398.jpg,0.981060,0.085832,-0.173648
1399.jpg,0.984808,0.173648,0.000000
1400.jpg,0.925417,0.163176,-0.342020
1401.jpg,0.907673,0.243210,0.342020
1402.jpg,0.925417,0.336824,0.173648
1403.jpg,0.925417,0.336824,-0.173648
1404.jpg,0.719846,0.262003,-0.642788
1405.jpg,0.906308,0.422618,0.000000
1406.jpg,0.791240,0.554032,0.258819
1407.jpg,0.627507,0.439385,0.642788
1408.jpg,0.346189,0.242404,0.906308
1409.jpg,0.769751,0.538986,-0.342020
1410.jpg,0.642788,0.766044,0.000000
1411.jpg,0.492404,0.586824,-0.642788
1412.jpg,0.469846,0.813798,0.342020
1413.jpg,0.469846,0.813798,-0.342020
1414.jpg,0.342020,0.939693,0.000000
1415.jpg,0.241845,0.664463,0.707107
1416.jpg,0.280166,0.769751,-0.573576
1417.jpg,0.081900,0.936117,0.342020
1418.jpg,0.081900,0.936117,-0.342020
1419.jpg,-0.087156,0.996195,0.000000
1420.jpg,-0.330366,0.907673,0.258819
1421.jpg,-0.262003,0.719846,0.642788
1422.jpg,-0.144544,0.397131,0.906308
1423.jpg,-0.321394,0.883022,-0.342020
1424.jpg,-0.500000,0.866025,0.000000
1425.jpg,-0.604023,0.719846,0.342020
1426.jpg,0.981060,-0.085832,0.173648
1427.jpg,0.981060,-0.085832,-0.173648
1428.jpg,0.984808,-0.173648,0.000000
1429.jpg,0.925417,-0.163176,-0.342020
1430.jpg,0.907673,-0.243210,0.342020
1431.jpg,0.925417,-0.336824,0.173648
1432.jpg,0.925417,-0.336824,-0.173648
1433.jpg,0.719846,-0.262003,-0.642788
1434.jpg,0.906308,-0.422618,0.000000
1435.jpg,0.791240,-0.554032,0.258819
1436.jpg,0.627507,-0.439385,0.642788
1437.jpg,0.346189,-0.242404,0.906308
1438.jpg,0.769751,-0.538986,-0.342020
1439.jpg,0.642788,-0.766044,0.000000
1440.jpg,0.492404,-0.586824,-0.642788
1441.jpg,0.469846,-0.813798,0.342020
1442.jpg,0.469846,-0.813798,-0.342020
1443.jpg,0.342020,-0.939693,0.000000
1444.jpg,0.241845,-0.664463,0.707107
1445.jpg,0.280166,-0.769751,-0.573576
1446.jpg,0.081900,-0.936117,0.342020
1447.jpg,0.081900,-0.936117,-0.342020
1448.jpg,-0.087156,-0.996195,0.000000
1449.jpg,-0.330366,-0.907673,0.258819
1450.jpg,-0.262003,-0.719846,0.642788
1451.jpg,-0.144544,-0.397131,0.906308
1452.jpg,-0.321394,-0.883022,-0.342020
1453.jpg,-0.500000,-0.866025,0.000000
1454.jpg,-0.604023,-0.719846,0.342020
1455.jpg,1.000000,0.000000,0.000000
1456.jpg,0.939693,0.000000,0.342020
1457.jpg,0.707107,0.000000,0.707107
1458.jpg,0.000000,0.000000,1.000000
1459.jpg,0.939693,0.000000,-0.342020
1460.jpg,0.819152,0.000000,-0.573576
1461.jpg,0.981060,0.085832,0.173648
1462.jpg,0.981060,0.085832,-0.173648
1463.jpg,0.984808,0.173648,0.000000
1464.jpg,0.925417,0.163176,-0.342020
1465.jpg,0.907673,0.243210,0.342020
1466.jpg,0.925417,0.336824,0.173648
1467.jpg,0.925417,0.336824,-0.173648
1468.jpg,0.719846,0.262003,-0.642788
1469.jpg,0.906308,0.422618,0.000000
1470.jpg,0.791240,0.554032,0.258819
1471.jpg,0.627507,0.439385,0.642788
1472.jpg,0.346189,0.242404,0.906308
1473.jpg,0.769751,0.538986,-0.342020
1474.jpg,0.642788,0.766044,0.000000
1475.jpg,0.492404,0.586824,-0.642788
1476.jpg,0.469846,0.813798,0.342020
1477.jpg,0.469846,0.813798,-0.342020
1478.jpg,0.342020,0.939693,0.000000
1479.jpg,0.241845,0.664463,0.707107
1480.jpg,0.280166,0.769751,-0.573576
1481.jpg,0.081900,0.936117,0.342020
1482.jpg,0.081900,0.936117,-0.342020
1483.jpg,-0.087156,0.996195,0.000000
1484.jpg,-0.330366,0.907673,0.258819
1485.jpg,-0.262003,0.719846,0.642788
1486.jpg,-0.144544,0.397131,0.906308
1487.jpg,-0.321394,0.883022,-0.342020
1488.jpg,-0.500000,0.866025,0.000000
1489.jpg,-0.604023,0.719846,0.342020
1490.jpg,0.981060,-0.085832,0.173648
1491.jpg,0.981060,-0.085832,-0.173648
1492.jpg,0.984808,-0.173648,0.000000
1493.jpg,0.925417,-0.163176,-0.342020
1494.jpg,0.907673,-0.243210,0.342020
1495.jpg,0.925417,-0.336824,0.173648
1496.jpg,0.925417,-0.336824,-0.173648
1497.jpg,0.719846,-0.262003,-0.642788
1498.jpg,0.906308,-0.422618,0.000000
1499.jpg,0.791240,-0.554032,0.258819
1500.jpg,0.627507,-0.439385,0.642788
1501.jpg,0.346189,-0.242404,0.906308
1502.jpg,0.769751,-0.538986,-0.342020
1503.jpg,0.642788,-0.766044,0.000000
1504.jpg,0.492404,-0.586824,-0.642788
1505.jpg,0.469846,-0.813798,0.342020
1506.jpg,0.469846,-0.813798,-0.342020
1507.jpg,0.342020,-0.939693,0.000000
1508.jpg,0.241845,-0.664463,0.707107
1509.jpg,0.280166,-0.769751,-0.573576
1510.jpg,0.081900,-0.936117,0.342020
1511.jpg,0.081900,-0.936117,-0.342020
1512.jpg,-0.087156,-0.996195,0.000000
1513.jpg,-0.330366,-0.907673,0.258819
1514.jpg,-0.262003,-0.719846,0.642788
1515.jpg,-0.144544,-0.397131,0.906308
1516.jpg,-0.321394,-0.883022,-0.342020
1517.jpg,-0.500000,-0.866025,0.000000
1518.jpg,-0.604023,-0.719846,0.342020
1519.jpg,1.000000,0.000000,0.000000
1520.jpg,0.939693,0.000000,0.342020
1521.jpg,0.707107,0.000000,0.707107
1522.jpg,0.000000,0.000000,1.000000
1523.jpg,0.939693,0.000000,-0.342020
1524.jpg,0.819152,0.000000,-0.573576
1525.jpg,0.981060,0.085832,0.173648
1526.jpg,0.981060,0.085832,-0.173648
1527.jpg,0.984808,0.173648,0.000000
1528.jpg,0.925417,0.163176,-0.342020
1529.jpg,0.907673,0.243210,0.342020
1530.jpg,0.925417,0.336824,0.173648
1531.jpg,0.925417,0.336824,-0.173648
1532.jpg,0.719846,0.262003,-0.642788
1533.jpg,0.906308,0.422618,0.000000
1534.jpg,0.791240,0.554032,0.258819
1535.jpg,0.627507,0.439385,0.642788
1536.jpg,0.346189,0.242404,0.906308
1537.jpg,0.769751,0.538986,-0.342020
1538.jpg,0.642788,0.766044,0.000000
1539.jpg,0.492404,0.586824,-0.642788
1540.jpg,0.469846,0.813798,0.342020
1541.jpg,0.469846,0.813798,-0.342020
1542.jpg,0.342020,0.939693,0.000000
1543.jpg,0.241845,0.664463,0.707107
1544.jpg,0.280166,0.769751,-0.573576
1545.jpg,0.081900,0.936117,0.342020
1546.jpg,0.081900,0.936117,-0.342020
1547.jpg,-0.087156,0.996195,0.000000
1548.jpg,-0.330366,0.907673,0.258819
1549.jpg,-0.262003,0.719846,0.642788
1550.jpg,-0.144544,0.397131,0.906308
1551.jpg,-0.321394,0.883022,-0.342020
1552.jpg,-0.500000,0.866025,0.000000
1553.jpg,-0.604023,0.719846,0.342020
1554.jpg,0.981060,-0.085832,0.173648
1555.jpg,0.981060,-0.085832,-0.173648
1556.jpg,0.984808,-0.173648,0.000000
1557.jpg,0.925417,-0.163176,-0.342020
1558.jpg,0.907673,-0.243210,0.342020
1559.jpg,0.925417,-0.336824,0.173648
1560.jpg,0.925417,-0.336824,-0.173648
1561.jpg,0.719846,-0.262003,-0.642788
1562.jpg,0.906308,-0.422618,0.000000
1563.jpg,0.791240,-0.554032,0.258819
1564.jpg,0.627507,-0.439385,0.642788
1565.jpg,0.346189,-0.242404,0.906308
1566.jpg,0.769751,-0.538986,-0.342020
1567.jpg,0.642788,-0.766044,0.000000
1568.jpg,0.492404,-0.586824,-0.642788
1569.jpg,0.469846,-0.813798,0.342020
1570.jpg,0.469846,-0.813798,-0.342020
1571.jpg,0.342020,-0.939693,0.000000
1572.jpg,0.241845,-0.664463,0.707107
1573.jpg,0.280166,-0.769751,-0.573576
1574.jpg,0.081900,-0.936117,0.342020
1575.jpg,0.081900,-0.936117,-0.342020
1576.jpg,-0.087156,-0.996195,0.000000
1577.jpg,-0.330366,-0.907673,0.258819
1578.jpg,-0.262003,-0.719846,0.642788
1579.jpg,-0.144544,-0.397131,0.906308
1580.jpg,-0.321394,-0.883022,-0.342020
1581.jpg,-0.500000,-0.866025,0.000000
1582.jpg,-0.604023,-0.719846,0.342020
1583.jpg,1.000000,0.000000,0.000000
1584.jpg,0.939693,0.000000,0.342020
1585.jpg,0.707107,0.000000,0.707107
1586.jpg,0.000000,0.000000,1.000000
1587.jpg,0.939693,0.000000,-0.342020
1588.jpg,0.819152,0.000000,-0.573576
1589.jpg,0.981060,0.085832,0.173648
1590.jpg,0.981060,0.085832,-0.173648
1591.jpg,0.984808,0.173648,0.000000
1592.jpg,0.925417,0.163176,-0.342020
1593.jpg,0.907673,0.243210,0.342020
1594.jpg,0.925417,0.336824,0.173648
1595.jpg,0.925417,0.336824,-0.173648
1596.jpg,0.719846,0.262003,-0.642788
1597.jpg,0.906308,0.422618,0.000000
1598.jpg,0.791240,0.554032,0.258819
1599.jpg,0.627507,0.439385,0.642788
1600.jpg,0.346189,0.242404,0.906308
1601.jpg,0.769751,0.538986,-0.342020
1602.jpg,0.642788,0.766044,0.000000
1603.jpg,0.492404,0.586824,-0.642788
1604.jpg,0.469846,0.813798,0.342020
1605.jpg,0.469846,0.813798,-0.342020
1606.jpg,0.342020,0.939693,0.000000
1607.jpg,0.241845,0.664463,0.707107
1608.jpg,0.280166,0.769751,-0.573576
1609.jpg,0.081900,0.936117,0.342020
1610.jpg,0.081900,0.936117,-0.342020
1611.jpg,-0.087156,0.996195,0.000000
1612.jpg,-0.330366,0.907673,0.258819
1613.jpg,-0.262003,0.719846,0.642788
1614.jpg,-0.144544,0.397131,0.906308
1615.jpg,-0.321394,0.883022,-0.342020
1616.jpg,-0.500000,0.866025,0.000000
1617.jpg,-0.604023,0.719846,0.342020
1618.jpg,0.981060,-0.085832,0.173648
1619.jpg,0.981060,-0.085832,-0.173648
1620.jpg,0.984808,-0.173648,0.000000
1621.jpg,0.925417,-0.163176,-0.342020
1622.jpg,0.907673,-0.243210,0.342020
1623.jpg,0.925417,-0.336824,0.173648
1624.jpg,0.925417,-0.336824,-0.173648
1625.jpg,0.719846,-0.262003,-0.642788
1626.jpg,0.906308,-0.422618,0.000000
1627.jpg,0.791240,-0.554032,0.258819
1628.jpg,0.627507,-0.439385,0.642788
1629.jpg,0.346189,-0.242404,0.906308
1630.jpg,0.769751,-0.538986,-0.342020
1631.jpg,0.642788,-0.766044,0.000000
1632.jpg,0.492404,-0.586824,-0.642788
1633.jpg,0.469846,-0.813798,0.342020
1634.jpg,0.469846,-0.813798,-0.342020
1635.jpg,0.342020,-0.939693,0.000000
1636.jpg,0.241845,-0.664463,0.707107
1637.jpg,0.280166,-0.769751,-0.573576
1638.jpg,0.081900,-0.936117,0.342020
1639.jpg,0.081900,-0.936117,-0.342020
1640.jpg,-0.087156,-0.996195,0.000000
1641.jpg,-0.330366,-0.907673,0.258819
1642.jpg,-0.262003,-0.719846,0.642788
1643.jpg,-0.144544,-0.397131,0.906308
1644.jpg,-0.321394,-0.883022,-0.342020
1645.jpg,-0.500000,-0.866025,0.000000
1646.jpg,-0.604023,-0.719846,0.342020
1647.jpg,1.000000,0.000000,0.000000
1648.jpg,0.939693,0.000000,0.342020
1649.jpg,0.707107,0.000000,0.707107
1650.jpg,0.000000,0.000000,1.000000
1651.jpg,0.939693,0.000000,-0.342020
1652.jpg,0.819152,0.000000,-0.573576
1653.jpg,0.981060,0.085832,0.173648
1654.jpg,0.981060,0.085832,-0.173648
1655.jpg,0.984808,0.173648,0.000000
1656.jpg,0.925417,0.163176,-0.342020
1657.jpg,0.907673,0.243210,0.342020
1658.jpg,0.925417,0.336824,0.173648
1659.jpg,0.925417,0.336824,-0.173648
1660.jpg,0.719846,0.262003,-0.642788
1661.jpg,0.906308,0.422618,0.000000
1662.jpg,0.791240,0.554032,0.258819
1663.jpg,0.627507,0.439385,0.642788
1664.jpg,0.346189,0.242404,0.906308
1665.jpg,0.769751,0.538986,-0.342020
1666.jpg,0.642788,0.766044,0.000000
1667.jpg,0.492404,0.586824,-0.642788
1668.jpg,0.469846,0.813798,0.342020
1669.jpg,0.469846,0.813798,-0.342020
1670.jpg,0.342020,0.939693,0.000000
1671.jpg,0.241845,0.664463,0.707107
1672.jpg,0.280166,0.769751,-0.573576
1673.jpg,0.081900,0.936117,0.342020
1674.jpg,0.081900,0.936117,-0.342020
1675.jpg,-0.087156,0.996195,0.000000
1676.jpg,-0.330366,0.907673,0.258819
1677.jpg,-0.262003,0.719846,0.642788
1678.jpg,-0.144544,0.397131,0.906308
1679.jpg,-0.321394,0.883022,-0.342020
1680.jpg,-0.500000,0.866025,0.000000
1681.jpg,-0.604023,0.719846,0.342020
1682.jpg,0.981060,-0.085832,0.173648
1683.jpg,0.981060,-0.085832,-0.173648
1684.jpg,0.984808,-0.173648,0.000000
1685.jpg,0.925417,-0.163176,-0.342020
1686.jpg,0.907673,-0.243210,0.342020
1687.jpg,0.925417,-0.336824,0.173648
1688.jpg,0.925417,-0.336824,-0.173648
1689.jpg,0.719846,-0.262003,-0.642788
1690.jpg,0.906308,-0.422618,0.000000
1691.jpg,0.791240,-0.554032,0.258819
1692.jpg,0.627507,-0.439385,0.642788
1693.jpg,0.346189,-0.242404,0.906308
1694.jpg,0.769751,-0.538986,-0.342020
1695.jpg,0.642788,-0.766044,0.000000
1696.jpg,0.492404,-0.586824,-0.642788
1697.jpg,0.469846,-0.813798,0.342020
1698.jpg,0.469846,-0.813798,-0.342020
1699.jpg,0.342020,-0.939693,0.000000
1700.jpg,0.241845,-0.664463,0.707107
1701.jpg,0.280166,-0.769751,-0.573576
1702.jpg,0.081900,-0.936117,0.342020
1703.jpg,0.081900,-0.936117,-0.342020
1704.jpg,-0.087156,-0.996195,0.000000
1705.jpg,-0.330366,-0.907673,0.258819
1706.jpg,-0.262003,-0.719846,0.642788
1707.jpg,-0.144544,-0.397131,0.906308
1708.jpg,-0.321394,-0.883022,-0.342020
1709.jpg,-0.500000,-0.866025,0.000000
1710.jpg,-0.604023,-0.719846,0.342020
1711.jpg,1.000000,0.000000,0.000000
1712.jpg,0.939693,0.000000,0.342020
1713.jpg,0.707107,0.000000,0.707107
1714.jpg,0.000000,0.000000,1.000000
1715.jpg,0.939693,0.000000,-0.342020
1716.jpg,0.819152,0.000000,-0.573576
1717.jpg,0.981060,0.085832,0.173648
1718.jpg,0.981060,0.085832,-0.173648
1719.jpg,0.984808,0.173648,0.000000
1720.jpg,0.925417,0.163176,-0.342020
1721.jpg,0.907673,0.243210,0.342020
1722.jpg,0.925417,0.336824,0.173648
1723.jpg,0.925417,0.336824,-0.173648
1724.jpg,0.719846,0.262003,-0.642788
1725.jpg,0.906308,0.422618,0.000000
1726.jpg,0.791240,0.554032,0.258819
1727.jpg,0.627507,0.439385,0.642788
1728.jpg,0.346189,0.242404,0.906308
1729.jpg,0.769751,0.538986,-0.342020
1730.jpg,0.642788,0.766044,0.000000
1731.jpg,0.492404,0.586824,-0.642788
1732.jpg,0.469846,0.813798,0.342020
1733.jpg,0.469846,0.813798,-0.342020
1734.jpg,0.342020,0.939693,0.000000
1735.jpg,0.241845,0.664463,0.707107
1736.jpg,0.280166,0.769751,-0.573576
1737.jpg,0.081900,0.936117,0.342020
1738.jpg,0.081900,0.936117,-0.342020
1739.jpg,-0.087156,0.996195,0.000000
1740.jpg,-0.330366,0.907673,0.258819
1741.jpg,-0.262003,0.719846,0.642788
1742.jpg,-0.144544,0.397131,0.906308
1743.jpg,-0.321394,0.883022,-0.342020
1744.jpg,-0.500000,0.866025,0.000000
1745.jpg,-0.604023,0.719846,0.342020
1746.jpg,0.981060,-0.085832,0.173648
1747.jpg,0.981060,-0.085832,-0.173648
1748.jpg,0.984808,-0.173648,0.000000
1749.jpg,0.925417,-0.163176,-0.342020
1750.jpg,0.907673,-0.243210,0.342020
1751.jpg,0.925417,-0.336824,0.173648
1752.jpg,0.925417,-0.336824,-0.173648
1753.jpg,0.719846,-0.262003,-0.642788
1754.jpg,0.906308,-0.422618,0.000000
1755.jpg,0.791240,-0.554032,0.258819
1756.jpg,0.627507,-0.439385,0.642788
1757.jpg,0.346189,-0.242404,0.906308
1758.jpg,0.769751,-0.538986,-0.342020
1759.jpg,0.642788,-0.766044,0.000000
1760.jpg,0.492404,-0.586824,-0.642788
1761.jpg,0.469846,-0.813798,0.342020
1762.jpg,0.469846,-0.813798,-0.342020
1763.jpg,0.342020,-0.939693,0.000000
1764.jpg,0.241845,-0.664463,0.707107
1765.jpg,0.280166,-0.769751,-0.573576
1766.jpg,0.081900,-0.936117,0.342020
1767.jpg,0.081900,-0.936117,-0.342020
1768.jpg,-0.087156,-0.996195,0.000000
1769.jpg,-0.330366,-0.907673,0.258819
1770.jpg,-0.262003,-0.719846,0.642788
1771.jpg,-0.144544,-0.397131,0.906308
1772.jpg,-0.321394,-0.883022,-0.342020
1773.jpg,-0.500000,-0.866025,0.000000
1774.jpg,-0.604023,-0.719846,0.342020
1775.jpg,1.000000,0.000000,0.000000
1776.jpg,0.939693,0.000000,0.342020
1777.jpg,0.707107,0.000000,0.707107
1778.jpg,0.000000,0.000000,1.000000
1779.jpg,0.939693,0.000000,-0.342020
1780.jpg,0.819152,0.000000,-0.573576
1781.jpg,0.981060,0.085832,0.173648
1782.jpg,0.981060,0.085832,-0.173648
1783.jpg,0.984808,0.173648,0.000000
1784.jpg,0.925417,0.163176,-0.342020
1785.jpg,0.907673,0.243210,0.342020
1786.jpg,0.925417,0.336824,0.173648
1787.jpg,0.925417,0.336824,-0.173648
1788.jpg,0.719846,0.262003,-0.642788
1789.jpg,0.906308,0.422618,0.000000
1790.jpg,0.791240,0.554032,0.258819
1791.jpg,0.627507,0.439385,0.642788
1792.jpg,0.346189,0.242404,0.906308
1793.jpg,0.769751,0.538986,-0.342020
1794.jpg,0.642788,0.766044,0.000000
1795.jpg,0.492404,0.586824,-0.642788
1796.jpg,0.469846,0.813798,0.342020
1797.jpg,0.469846,0.813798,-0.342020
1798.jpg,0.342020,0.939693,0.000000
1799.jpg,0.241845,0.664463,0.707107
1800.jpg,0.280166,0.769751,-0.573576
1801.jpg,0.081900,0.936117,0.342020
1802.jpg,0.081900,0.936117,-0.342020
1803.jpg,-0.087156,0.996195,0.000000
1804.jpg,-0.330366,0.907673,0.258819
1805.jpg,-0.262003,0.719846,0.642788
1806.jpg,-0.144544,0.397131,0.906308
1807.jpg,-0.321394,0.883022,-0.342020
1808.jpg,-0.500000,0.866025,0.000000
1809.jpg,-0.604023,0.719846,0.342020
1810.jpg,0.981060,-0.085832,0.173648
1811.jpg,0.981060,-0.085832,-0.173648
1812.jpg,0.984808,-0.173648,0.000000
1813.jpg,0.925417,-0.163176,-0.342020
1814.jpg,0.907673,-0.243210,0.342020
1815.jpg,0.925417,-0.336824,0.173648
1816.jpg,0.925417,-0.336824,-0.173648
1817.jpg,0.719846,-0.262003,-0.642788
1818.jpg,0.906308,-0.422618,0.000000
1819.jpg,0.791240,-0.554032,0.258819
1820.jpg,0.627507,-0.439385,0.642788
1821.jpg,0.346189,-0.242404,0.906308
1822.jpg,0.769751,-0.538986,-0.342020
1823.jpg,0.642788,-0.766044,0.000000
1824.jpg,0.492404,-0.586824,-0.642788
1825.jpg,0.469846,-0.813798,0.342020
1826.jpg,0.469846,-0.813798,-0.342020
1827.jpg,0.342020,-0.939693,0.000000
1828.jpg,0.241845,-0.664463,0.707107
1829.jpg,0.280166,-0.769751,-0.573576
1830.jpg,0.081900,-0.936117,0.342020
1831.jpg,0.081900,-0.936117,-0.342020
1832.jpg,-0.087156,-0.996195,0.000000
1833.jpg,-0.330366,-0.907673,0.258819
1834.jpg,-0.262003,-0.719846,0.642788
1835.jpg,-0.144544,-0.397131,0.906308
1836.jpg,-0.321394,-0.883022,-0.342020
1837.jpg,-0.500000,-0.866025,0.000000
1838.jpg,-0.604023,-0.719846,0.342020
